Jack1@gmail.com,Jack1
Jack2@gmail.com,Jack2
Jack3@gmail.com,Jack3
Jack4@gmail.com,Jack4
Jack5@gmail.com,Jack5
Jack6@gmail.com,Jack6
Jack7@gmail.com,Jack7
Jack8@gmail.com,Jack8
Jack9@gmail.com,Jack9
Jack10@gmail.com,Jack10
Jack11@gmail.com,Jack11
Jack12@gmail.com,Jack12
Jack13@gmail.com,Jack13
Jack14@gmail.com,Jack14
Jack15@gmail.com,Jack15
Jack16@gmail.com,Jack16
Jack17@gmail.com,Jack17
Jack18@gmail.com,Jack18
Jack19@gmail.com,Jack19
Jack20@gmail.com,Jack20
Jack21@gmail.com,Jack21
Jack22@gmail.com,Jack22
Jack23@gmail.com,Jack23
Jack24@gmail.com,Jack24
Jack25@gmail.com,Jack25
Jack26@gmail.com,Jack26
Jack27@gmail.com,Jack27
Jack28@gmail.com,Jack28
Jack29@gmail.com,Jack29
Jack30@gmail.com,Jack30
Jack31@gmail.com,Jack31
Jack32@gmail.com,Jack32
Jack33@gmail.com,Jack33
Jack34@gmail.com,Jack34
Jack35@gmail.com,Jack35
Jack36@gmail.com,Jack36
Jack37@gmail.com,Jack37
Jack38@gmail.com,Jack38
Jack39@gmail.com,Jack39
Jack40@gmail.com,Jack40
Jack41@gmail.com,Jack41
Jack42@gmail.com,Jack42
Jack43@gmail.com,Jack43
Jack44@gmail.com,Jack44
Jack45@gmail.com,Jack45
Jack46@gmail.com,Jack46
Jack47@gmail.com,Jack47
Jack48@gmail.com,Jack48
Jack49@gmail.com,Jack49
Jack50@gmail.com,Jack50
Jack51@gmail.com,Jack51
Jack52@gmail.com,Jack52
Jack53@gmail.com,Jack53
Jack54@gmail.com,Jack54
Jack55@gmail.com,Jack55
Jack56@gmail.com,Jack56
Jack57@gmail.com,Jack57
Jack58@gmail.com,Jack58
Jack59@gmail.com,Jack59
Jack60@gmail.com,Jack60
Jack61@gmail.com,Jack61
Jack62@gmail.com,Jack62
Jack63@gmail.com,Jack63
Jack64@gmail.com,Jack64
Jack65@gmail.com,Jack65
Jack66@gmail.com,Jack66
Jack67@gmail.com,Jack67
Jack68@gmail.com,Jack68
Jack69@gmail.com,Jack69
Jack70@gmail.com,Jack70
Jack71@gmail.com,Jack71
Jack72@gmail.com,Jack72
Jack73@gmail.com,Jack73
Jack74@gmail.com,Jack74
Jack75@gmail.com,Jack75
Jack76@gmail.com,Jack76
Jack77@gmail.com,Jack77
Jack78@gmail.com,Jack78
Jack79@gmail.com,Jack79
Jack80@gmail.com,Jack80
Jack81@gmail.com,Jack81
Jack82@gmail.com,Jack82
Jack83@gmail.com,Jack83
Jack84@gmail.com,Jack84
Jack85@gmail.com,Jack85
Jack86@gmail.com,Jack86
Jack87@gmail.com,Jack87
Jack88@gmail.com,Jack88
Jack89@gmail.com,Jack89
Jack90@gmail.com,Jack90
Jack91@gmail.com,Jack91
Jack92@gmail.com,Jack92
Jack93@gmail.com,Jack93
Jack94@gmail.com,Jack94
Jack95@gmail.com,Jack95
Jack96@gmail.com,Jack96
Jack97@gmail.com,Jack97
Jack98@gmail.com,Jack98
Jack99@gmail.com,Jack99
Jack100@gmail.com,Jack100
Jack101@gmail.com,Jack101
Jack102@gmail.com,Jack102
Jack103@gmail.com,Jack103
Jack104@gmail.com,Jack104
Jack105@gmail.com,Jack105
Jack106@gmail.com,Jack106
Jack107@gmail.com,Jack107
Jack108@gmail.com,Jack108
Jack109@gmail.com,Jack109
Jack110@gmail.com,Jack110
Jack111@gmail.com,Jack111
Jack112@gmail.com,Jack112
Jack113@gmail.com,Jack113
Jack114@gmail.com,Jack114
Jack115@gmail.com,Jack115
Jack116@gmail.com,Jack116
Jack117@gmail.com,Jack117
Jack118@gmail.com,Jack118
Jack119@gmail.com,Jack119
Jack120@gmail.com,Jack120
Jack121@gmail.com,Jack121
Jack122@gmail.com,Jack122
Jack123@gmail.com,Jack123
Jack124@gmail.com,Jack124
Jack125@gmail.com,Jack125
Jack126@gmail.com,Jack126
Jack127@gmail.com,Jack127
Jack128@gmail.com,Jack128
Jack129@gmail.com,Jack129
Jack130@gmail.com,Jack130
Jack131@gmail.com,Jack131
Jack132@gmail.com,Jack132
Jack133@gmail.com,Jack133
Jack134@gmail.com,Jack134
Jack135@gmail.com,Jack135
Jack136@gmail.com,Jack136
Jack137@gmail.com,Jack137
Jack138@gmail.com,Jack138
Jack139@gmail.com,Jack139
Jack140@gmail.com,Jack140
Jack141@gmail.com,Jack141
Jack142@gmail.com,Jack142
Jack143@gmail.com,Jack143
Jack144@gmail.com,Jack144
Jack145@gmail.com,Jack145
Jack146@gmail.com,Jack146
Jack147@gmail.com,Jack147
Jack148@gmail.com,Jack148
Jack149@gmail.com,Jack149
Jack150@gmail.com,Jack150
Jack151@gmail.com,Jack151
Jack152@gmail.com,Jack152
Jack153@gmail.com,Jack153
Jack154@gmail.com,Jack154
Jack155@gmail.com,Jack155
Jack156@gmail.com,Jack156
Jack157@gmail.com,Jack157
Jack158@gmail.com,Jack158
Jack159@gmail.com,Jack159
Jack160@gmail.com,Jack160
Jack161@gmail.com,Jack161
Jack162@gmail.com,Jack162
Jack163@gmail.com,Jack163
Jack164@gmail.com,Jack164
Jack165@gmail.com,Jack165
Jack166@gmail.com,Jack166
Jack167@gmail.com,Jack167
Jack168@gmail.com,Jack168
Jack169@gmail.com,Jack169
Jack170@gmail.com,Jack170
Jack171@gmail.com,Jack171
Jack172@gmail.com,Jack172
Jack173@gmail.com,Jack173
Jack174@gmail.com,Jack174
Jack175@gmail.com,Jack175
Jack176@gmail.com,Jack176
Jack177@gmail.com,Jack177
Jack178@gmail.com,Jack178
Jack179@gmail.com,Jack179
Jack180@gmail.com,Jack180
Jack181@gmail.com,Jack181
Jack182@gmail.com,Jack182
Jack183@gmail.com,Jack183
Jack184@gmail.com,Jack184
Jack185@gmail.com,Jack185
Jack186@gmail.com,Jack186
Jack187@gmail.com,Jack187
Jack188@gmail.com,Jack188
Jack189@gmail.com,Jack189
Jack190@gmail.com,Jack190
Jack191@gmail.com,Jack191
Jack192@gmail.com,Jack192
Jack193@gmail.com,Jack193
Jack194@gmail.com,Jack194
Jack195@gmail.com,Jack195
Jack196@gmail.com,Jack196
Jack197@gmail.com,Jack197
Jack198@gmail.com,Jack198
Jack199@gmail.com,Jack199
Jack200@gmail.com,Jack200
Jack201@gmail.com,Jack201
Jack202@gmail.com,Jack202
Jack203@gmail.com,Jack203
Jack204@gmail.com,Jack204
Jack205@gmail.com,Jack205
Jack206@gmail.com,Jack206
Jack207@gmail.com,Jack207
Jack208@gmail.com,Jack208
Jack209@gmail.com,Jack209
Jack210@gmail.com,Jack210
Jack211@gmail.com,Jack211
Jack212@gmail.com,Jack212
Jack213@gmail.com,Jack213
Jack214@gmail.com,Jack214
Jack215@gmail.com,Jack215
Jack216@gmail.com,Jack216
Jack217@gmail.com,Jack217
Jack218@gmail.com,Jack218
Jack219@gmail.com,Jack219
Jack220@gmail.com,Jack220
Jack221@gmail.com,Jack221
Jack222@gmail.com,Jack222
Jack223@gmail.com,Jack223
Jack224@gmail.com,Jack224
Jack225@gmail.com,Jack225
Jack226@gmail.com,Jack226
Jack227@gmail.com,Jack227
Jack228@gmail.com,Jack228
Jack229@gmail.com,Jack229
Jack230@gmail.com,Jack230
Jack231@gmail.com,Jack231
Jack232@gmail.com,Jack232
Jack233@gmail.com,Jack233
Jack234@gmail.com,Jack234
Jack235@gmail.com,Jack235
Jack236@gmail.com,Jack236
Jack237@gmail.com,Jack237
Jack238@gmail.com,Jack238
Jack239@gmail.com,Jack239
Jack240@gmail.com,Jack240
Jack241@gmail.com,Jack241
Jack242@gmail.com,Jack242
Jack243@gmail.com,Jack243
Jack244@gmail.com,Jack244
Jack245@gmail.com,Jack245
Jack246@gmail.com,Jack246
Jack247@gmail.com,Jack247
Jack248@gmail.com,Jack248
Jack249@gmail.com,Jack249
Jack250@gmail.com,Jack250
Jack251@gmail.com,Jack251
Jack252@gmail.com,Jack252
Jack253@gmail.com,Jack253
Jack254@gmail.com,Jack254
Jack255@gmail.com,Jack255
Jack256@gmail.com,Jack256
Jack257@gmail.com,Jack257
Jack258@gmail.com,Jack258
Jack259@gmail.com,Jack259
Jack260@gmail.com,Jack260
Jack261@gmail.com,Jack261
Jack262@gmail.com,Jack262
Jack263@gmail.com,Jack263
Jack264@gmail.com,Jack264
Jack265@gmail.com,Jack265
Jack266@gmail.com,Jack266
Jack267@gmail.com,Jack267
Jack268@gmail.com,Jack268
Jack269@gmail.com,Jack269
Jack270@gmail.com,Jack270
Jack271@gmail.com,Jack271
Jack272@gmail.com,Jack272
Jack273@gmail.com,Jack273
Jack274@gmail.com,Jack274
Jack275@gmail.com,Jack275
Jack276@gmail.com,Jack276
Jack277@gmail.com,Jack277
Jack278@gmail.com,Jack278
Jack279@gmail.com,Jack279
Jack280@gmail.com,Jack280
Jack281@gmail.com,Jack281
Jack282@gmail.com,Jack282
Jack283@gmail.com,Jack283
Jack284@gmail.com,Jack284
Jack285@gmail.com,Jack285
Jack286@gmail.com,Jack286
Jack287@gmail.com,Jack287
Jack288@gmail.com,Jack288
Jack289@gmail.com,Jack289
Jack290@gmail.com,Jack290
Jack291@gmail.com,Jack291
Jack292@gmail.com,Jack292
Jack293@gmail.com,Jack293
Jack294@gmail.com,Jack294
Jack295@gmail.com,Jack295
Jack296@gmail.com,Jack296
Jack297@gmail.com,Jack297
Jack298@gmail.com,Jack298
Jack299@gmail.com,Jack299
Jack300@gmail.com,Jack300
Jack301@gmail.com,Jack301
Jack302@gmail.com,Jack302
Jack303@gmail.com,Jack303
Jack304@gmail.com,Jack304
Jack305@gmail.com,Jack305
Jack306@gmail.com,Jack306
Jack307@gmail.com,Jack307
Jack308@gmail.com,Jack308
Jack309@gmail.com,Jack309
Jack310@gmail.com,Jack310
Jack311@gmail.com,Jack311
Jack312@gmail.com,Jack312
Jack313@gmail.com,Jack313
Jack314@gmail.com,Jack314
Jack315@gmail.com,Jack315
Jack316@gmail.com,Jack316
Jack317@gmail.com,Jack317
Jack318@gmail.com,Jack318
Jack319@gmail.com,Jack319
Jack320@gmail.com,Jack320
Jack321@gmail.com,Jack321
Jack322@gmail.com,Jack322
Jack323@gmail.com,Jack323
Jack324@gmail.com,Jack324
Jack325@gmail.com,Jack325
Jack326@gmail.com,Jack326
Jack327@gmail.com,Jack327
Jack328@gmail.com,Jack328
Jack329@gmail.com,Jack329
Jack330@gmail.com,Jack330
Jack331@gmail.com,Jack331
Jack332@gmail.com,Jack332
Jack333@gmail.com,Jack333
Jack334@gmail.com,Jack334
Jack335@gmail.com,Jack335
Jack336@gmail.com,Jack336
Jack337@gmail.com,Jack337
Jack338@gmail.com,Jack338
Jack339@gmail.com,Jack339
Jack340@gmail.com,Jack340
Jack341@gmail.com,Jack341
Jack342@gmail.com,Jack342
Jack343@gmail.com,Jack343
Jack344@gmail.com,Jack344
Jack345@gmail.com,Jack345
Jack346@gmail.com,Jack346
Jack347@gmail.com,Jack347
Jack348@gmail.com,Jack348
Jack349@gmail.com,Jack349
Jack350@gmail.com,Jack350
Jack351@gmail.com,Jack351
Jack352@gmail.com,Jack352
Jack353@gmail.com,Jack353
Jack354@gmail.com,Jack354
Jack355@gmail.com,Jack355
Jack356@gmail.com,Jack356
Jack357@gmail.com,Jack357
Jack358@gmail.com,Jack358
Jack359@gmail.com,Jack359
Jack360@gmail.com,Jack360
Jack361@gmail.com,Jack361
Jack362@gmail.com,Jack362
Jack363@gmail.com,Jack363
Jack364@gmail.com,Jack364
Jack365@gmail.com,Jack365
Jack366@gmail.com,Jack366
Jack367@gmail.com,Jack367
Jack368@gmail.com,Jack368
Jack369@gmail.com,Jack369
Jack370@gmail.com,Jack370
Jack371@gmail.com,Jack371
Jack372@gmail.com,Jack372
Jack373@gmail.com,Jack373
Jack374@gmail.com,Jack374
Jack375@gmail.com,Jack375
Jack376@gmail.com,Jack376
Jack377@gmail.com,Jack377
Jack378@gmail.com,Jack378
Jack379@gmail.com,Jack379
Jack380@gmail.com,Jack380
Jack381@gmail.com,Jack381
Jack382@gmail.com,Jack382
Jack383@gmail.com,Jack383
Jack384@gmail.com,Jack384
Jack385@gmail.com,Jack385
Jack386@gmail.com,Jack386
Jack387@gmail.com,Jack387
Jack388@gmail.com,Jack388
Jack389@gmail.com,Jack389
Jack390@gmail.com,Jack390
Jack391@gmail.com,Jack391
Jack392@gmail.com,Jack392
Jack393@gmail.com,Jack393
Jack394@gmail.com,Jack394
Jack395@gmail.com,Jack395
Jack396@gmail.com,Jack396
Jack397@gmail.com,Jack397
Jack398@gmail.com,Jack398
Jack399@gmail.com,Jack399
Jack400@gmail.com,Jack400
Jack401@gmail.com,Jack401
Jack402@gmail.com,Jack402
Jack403@gmail.com,Jack403
Jack404@gmail.com,Jack404
Jack405@gmail.com,Jack405
Jack406@gmail.com,Jack406
Jack407@gmail.com,Jack407
Jack408@gmail.com,Jack408
Jack409@gmail.com,Jack409
Jack410@gmail.com,Jack410
Jack411@gmail.com,Jack411
Jack412@gmail.com,Jack412
Jack413@gmail.com,Jack413
Jack414@gmail.com,Jack414
Jack415@gmail.com,Jack415
Jack416@gmail.com,Jack416
Jack417@gmail.com,Jack417
Jack418@gmail.com,Jack418
Jack419@gmail.com,Jack419
Jack420@gmail.com,Jack420
Jack421@gmail.com,Jack421
Jack422@gmail.com,Jack422
Jack423@gmail.com,Jack423
Jack424@gmail.com,Jack424
Jack425@gmail.com,Jack425
Jack426@gmail.com,Jack426
Jack427@gmail.com,Jack427
Jack428@gmail.com,Jack428
Jack429@gmail.com,Jack429
Jack430@gmail.com,Jack430
Jack431@gmail.com,Jack431
Jack432@gmail.com,Jack432
Jack433@gmail.com,Jack433
Jack434@gmail.com,Jack434
Jack435@gmail.com,Jack435
Jack436@gmail.com,Jack436
Jack437@gmail.com,Jack437
Jack438@gmail.com,Jack438
Jack439@gmail.com,Jack439
Jack440@gmail.com,Jack440
Jack441@gmail.com,Jack441
Jack442@gmail.com,Jack442
Jack443@gmail.com,Jack443
Jack444@gmail.com,Jack444
Jack445@gmail.com,Jack445
Jack446@gmail.com,Jack446
Jack447@gmail.com,Jack447
Jack448@gmail.com,Jack448
Jack449@gmail.com,Jack449
Jack450@gmail.com,Jack450
Jack451@gmail.com,Jack451
Jack452@gmail.com,Jack452
Jack453@gmail.com,Jack453
Jack454@gmail.com,Jack454
Jack455@gmail.com,Jack455
Jack456@gmail.com,Jack456
Jack457@gmail.com,Jack457
Jack458@gmail.com,Jack458
Jack459@gmail.com,Jack459
Jack460@gmail.com,Jack460
Jack461@gmail.com,Jack461
Jack462@gmail.com,Jack462
Jack463@gmail.com,Jack463
Jack464@gmail.com,Jack464
Jack465@gmail.com,Jack465
Jack466@gmail.com,Jack466
Jack467@gmail.com,Jack467
Jack468@gmail.com,Jack468
Jack469@gmail.com,Jack469
Jack470@gmail.com,Jack470
Jack471@gmail.com,Jack471
Jack472@gmail.com,Jack472
Jack473@gmail.com,Jack473
Jack474@gmail.com,Jack474
Jack475@gmail.com,Jack475
Jack476@gmail.com,Jack476
Jack477@gmail.com,Jack477
Jack478@gmail.com,Jack478
Jack479@gmail.com,Jack479
Jack480@gmail.com,Jack480
Jack481@gmail.com,Jack481
Jack482@gmail.com,Jack482
Jack483@gmail.com,Jack483
Jack484@gmail.com,Jack484
Jack485@gmail.com,Jack485
Jack486@gmail.com,Jack486
Jack487@gmail.com,Jack487
Jack488@gmail.com,Jack488
Jack489@gmail.com,Jack489
Jack490@gmail.com,Jack490
Jack491@gmail.com,Jack491
Jack492@gmail.com,Jack492
Jack493@gmail.com,Jack493
Jack494@gmail.com,Jack494
Jack495@gmail.com,Jack495
Jack496@gmail.com,Jack496
Jack497@gmail.com,Jack497
Jack498@gmail.com,Jack498
Jack499@gmail.com,Jack499
Jack500@gmail.com,Jack500
Jack501@gmail.com,Jack501
Jack502@gmail.com,Jack502
Jack503@gmail.com,Jack503
Jack504@gmail.com,Jack504
Jack505@gmail.com,Jack505
Jack506@gmail.com,Jack506
Jack507@gmail.com,Jack507
Jack508@gmail.com,Jack508
Jack509@gmail.com,Jack509
Jack510@gmail.com,Jack510
Jack511@gmail.com,Jack511
Jack512@gmail.com,Jack512
Jack513@gmail.com,Jack513
Jack514@gmail.com,Jack514
Jack515@gmail.com,Jack515
Jack516@gmail.com,Jack516
Jack517@gmail.com,Jack517
Jack518@gmail.com,Jack518
Jack519@gmail.com,Jack519
Jack520@gmail.com,Jack520
Jack521@gmail.com,Jack521
Jack522@gmail.com,Jack522
Jack523@gmail.com,Jack523
Jack524@gmail.com,Jack524
Jack525@gmail.com,Jack525
Jack526@gmail.com,Jack526
Jack527@gmail.com,Jack527
Jack528@gmail.com,Jack528
Jack529@gmail.com,Jack529
Jack530@gmail.com,Jack530
Jack531@gmail.com,Jack531
Jack532@gmail.com,Jack532
Jack533@gmail.com,Jack533
Jack534@gmail.com,Jack534
Jack535@gmail.com,Jack535
Jack536@gmail.com,Jack536
Jack537@gmail.com,Jack537
Jack538@gmail.com,Jack538
Jack539@gmail.com,Jack539
Jack540@gmail.com,Jack540
Jack541@gmail.com,Jack541
Jack542@gmail.com,Jack542
Jack543@gmail.com,Jack543
Jack544@gmail.com,Jack544
Jack545@gmail.com,Jack545
Jack546@gmail.com,Jack546
Jack547@gmail.com,Jack547
Jack548@gmail.com,Jack548
Jack549@gmail.com,Jack549
Jack550@gmail.com,Jack550
Jack551@gmail.com,Jack551
Jack552@gmail.com,Jack552
Jack553@gmail.com,Jack553
Jack554@gmail.com,Jack554
Jack555@gmail.com,Jack555
Jack556@gmail.com,Jack556
Jack557@gmail.com,Jack557
Jack558@gmail.com,Jack558
Jack559@gmail.com,Jack559
Jack560@gmail.com,Jack560
Jack561@gmail.com,Jack561
Jack562@gmail.com,Jack562
Jack563@gmail.com,Jack563
Jack564@gmail.com,Jack564
Jack565@gmail.com,Jack565
Jack566@gmail.com,Jack566
Jack567@gmail.com,Jack567
Jack568@gmail.com,Jack568
Jack569@gmail.com,Jack569
Jack570@gmail.com,Jack570
Jack571@gmail.com,Jack571
Jack572@gmail.com,Jack572
Jack573@gmail.com,Jack573
Jack574@gmail.com,Jack574
Jack575@gmail.com,Jack575
Jack576@gmail.com,Jack576
Jack577@gmail.com,Jack577
Jack578@gmail.com,Jack578
Jack579@gmail.com,Jack579
Jack580@gmail.com,Jack580
Jack581@gmail.com,Jack581
Jack582@gmail.com,Jack582
Jack583@gmail.com,Jack583
Jack584@gmail.com,Jack584
Jack585@gmail.com,Jack585
Jack586@gmail.com,Jack586
Jack587@gmail.com,Jack587
Jack588@gmail.com,Jack588
Jack589@gmail.com,Jack589
Jack590@gmail.com,Jack590
Jack591@gmail.com,Jack591
Jack592@gmail.com,Jack592
Jack593@gmail.com,Jack593
Jack594@gmail.com,Jack594
Jack595@gmail.com,Jack595
Jack596@gmail.com,Jack596
Jack597@gmail.com,Jack597
Jack598@gmail.com,Jack598
Jack599@gmail.com,Jack599
Jack600@gmail.com,Jack600
Jack601@gmail.com,Jack601
Jack602@gmail.com,Jack602
Jack603@gmail.com,Jack603
Jack604@gmail.com,Jack604
Jack605@gmail.com,Jack605
Jack606@gmail.com,Jack606
Jack607@gmail.com,Jack607
Jack608@gmail.com,Jack608
Jack609@gmail.com,Jack609
Jack610@gmail.com,Jack610
Jack611@gmail.com,Jack611
Jack612@gmail.com,Jack612
Jack613@gmail.com,Jack613
Jack614@gmail.com,Jack614
Jack615@gmail.com,Jack615
Jack616@gmail.com,Jack616
Jack617@gmail.com,Jack617
Jack618@gmail.com,Jack618
Jack619@gmail.com,Jack619
Jack620@gmail.com,Jack620
Jack621@gmail.com,Jack621
Jack622@gmail.com,Jack622
Jack623@gmail.com,Jack623
Jack624@gmail.com,Jack624
Jack625@gmail.com,Jack625
Jack626@gmail.com,Jack626
Jack627@gmail.com,Jack627
Jack628@gmail.com,Jack628
Jack629@gmail.com,Jack629
Jack630@gmail.com,Jack630
Jack631@gmail.com,Jack631
Jack632@gmail.com,Jack632
Jack633@gmail.com,Jack633
Jack634@gmail.com,Jack634
Jack635@gmail.com,Jack635
Jack636@gmail.com,Jack636
Jack637@gmail.com,Jack637
Jack638@gmail.com,Jack638
Jack639@gmail.com,Jack639
Jack640@gmail.com,Jack640
Jack641@gmail.com,Jack641
Jack642@gmail.com,Jack642
Jack643@gmail.com,Jack643
Jack644@gmail.com,Jack644
Jack645@gmail.com,Jack645
Jack646@gmail.com,Jack646
Jack647@gmail.com,Jack647
Jack648@gmail.com,Jack648
Jack649@gmail.com,Jack649
Jack650@gmail.com,Jack650
Jack651@gmail.com,Jack651
Jack652@gmail.com,Jack652
Jack653@gmail.com,Jack653
Jack654@gmail.com,Jack654
Jack655@gmail.com,Jack655
Jack656@gmail.com,Jack656
Jack657@gmail.com,Jack657
Jack658@gmail.com,Jack658
Jack659@gmail.com,Jack659
Jack660@gmail.com,Jack660
Jack661@gmail.com,Jack661
Jack662@gmail.com,Jack662
Jack663@gmail.com,Jack663
Jack664@gmail.com,Jack664
Jack665@gmail.com,Jack665
Jack666@gmail.com,Jack666
Jack667@gmail.com,Jack667
Jack668@gmail.com,Jack668
Jack669@gmail.com,Jack669
Jack670@gmail.com,Jack670
Jack671@gmail.com,Jack671
Jack672@gmail.com,Jack672
Jack673@gmail.com,Jack673
Jack674@gmail.com,Jack674
Jack675@gmail.com,Jack675
Jack676@gmail.com,Jack676
Jack677@gmail.com,Jack677
Jack678@gmail.com,Jack678
Jack679@gmail.com,Jack679
Jack680@gmail.com,Jack680
Jack681@gmail.com,Jack681
Jack682@gmail.com,Jack682
Jack683@gmail.com,Jack683
Jack684@gmail.com,Jack684
Jack685@gmail.com,Jack685
Jack686@gmail.com,Jack686
Jack687@gmail.com,Jack687
Jack688@gmail.com,Jack688
Jack689@gmail.com,Jack689
Jack690@gmail.com,Jack690
Jack691@gmail.com,Jack691
Jack692@gmail.com,Jack692
Jack693@gmail.com,Jack693
Jack694@gmail.com,Jack694
Jack695@gmail.com,Jack695
Jack696@gmail.com,Jack696
Jack697@gmail.com,Jack697
Jack698@gmail.com,Jack698
Jack699@gmail.com,Jack699
Jack700@gmail.com,Jack700
Jack701@gmail.com,Jack701
Jack702@gmail.com,Jack702
Jack703@gmail.com,Jack703
Jack704@gmail.com,Jack704
Jack705@gmail.com,Jack705
Jack706@gmail.com,Jack706
Jack707@gmail.com,Jack707
Jack708@gmail.com,Jack708
Jack709@gmail.com,Jack709
Jack710@gmail.com,Jack710
Jack711@gmail.com,Jack711
Jack712@gmail.com,Jack712
Jack713@gmail.com,Jack713
Jack714@gmail.com,Jack714
Jack715@gmail.com,Jack715
Jack716@gmail.com,Jack716
Jack717@gmail.com,Jack717
Jack718@gmail.com,Jack718
Jack719@gmail.com,Jack719
Jack720@gmail.com,Jack720
Jack721@gmail.com,Jack721
Jack722@gmail.com,Jack722
Jack723@gmail.com,Jack723
Jack724@gmail.com,Jack724
Jack725@gmail.com,Jack725
Jack726@gmail.com,Jack726
Jack727@gmail.com,Jack727
Jack728@gmail.com,Jack728
Jack729@gmail.com,Jack729
Jack730@gmail.com,Jack730
Jack731@gmail.com,Jack731
Jack732@gmail.com,Jack732
Jack733@gmail.com,Jack733
Jack734@gmail.com,Jack734
Jack735@gmail.com,Jack735
Jack736@gmail.com,Jack736
Jack737@gmail.com,Jack737
Jack738@gmail.com,Jack738
Jack739@gmail.com,Jack739
Jack740@gmail.com,Jack740
Jack741@gmail.com,Jack741
Jack742@gmail.com,Jack742
Jack743@gmail.com,Jack743
Jack744@gmail.com,Jack744
Jack745@gmail.com,Jack745
Jack746@gmail.com,Jack746
Jack747@gmail.com,Jack747
Jack748@gmail.com,Jack748
Jack749@gmail.com,Jack749
Jack750@gmail.com,Jack750
Jack751@gmail.com,Jack751
Jack752@gmail.com,Jack752
Jack753@gmail.com,Jack753
Jack754@gmail.com,Jack754
Jack755@gmail.com,Jack755
Jack756@gmail.com,Jack756
Jack757@gmail.com,Jack757
Jack758@gmail.com,Jack758
Jack759@gmail.com,Jack759
Jack760@gmail.com,Jack760
Jack761@gmail.com,Jack761
Jack762@gmail.com,Jack762
Jack763@gmail.com,Jack763
Jack764@gmail.com,Jack764
Jack765@gmail.com,Jack765
Jack766@gmail.com,Jack766
Jack767@gmail.com,Jack767
Jack768@gmail.com,Jack768
Jack769@gmail.com,Jack769
Jack770@gmail.com,Jack770
Jack771@gmail.com,Jack771
Jack772@gmail.com,Jack772
Jack773@gmail.com,Jack773
Jack774@gmail.com,Jack774
Jack775@gmail.com,Jack775
Jack776@gmail.com,Jack776
Jack777@gmail.com,Jack777
Jack778@gmail.com,Jack778
Jack779@gmail.com,Jack779
Jack780@gmail.com,Jack780
Jack781@gmail.com,Jack781
Jack782@gmail.com,Jack782
Jack783@gmail.com,Jack783
Jack784@gmail.com,Jack784
Jack785@gmail.com,Jack785
Jack786@gmail.com,Jack786
Jack787@gmail.com,Jack787
Jack788@gmail.com,Jack788
Jack789@gmail.com,Jack789
Jack790@gmail.com,Jack790
Jack791@gmail.com,Jack791
Jack792@gmail.com,Jack792
Jack793@gmail.com,Jack793
Jack794@gmail.com,Jack794
Jack795@gmail.com,Jack795
Jack796@gmail.com,Jack796
Jack797@gmail.com,Jack797
Jack798@gmail.com,Jack798
Jack799@gmail.com,Jack799
Jack800@gmail.com,Jack800
Jack801@gmail.com,Jack801
Jack802@gmail.com,Jack802
Jack803@gmail.com,Jack803
Jack804@gmail.com,Jack804
Jack805@gmail.com,Jack805
Jack806@gmail.com,Jack806
Jack807@gmail.com,Jack807
Jack808@gmail.com,Jack808
Jack809@gmail.com,Jack809
Jack810@gmail.com,Jack810
Jack811@gmail.com,Jack811
Jack812@gmail.com,Jack812
Jack813@gmail.com,Jack813
Jack814@gmail.com,Jack814
Jack815@gmail.com,Jack815
Jack816@gmail.com,Jack816
Jack817@gmail.com,Jack817
Jack818@gmail.com,Jack818
Jack819@gmail.com,Jack819
Jack820@gmail.com,Jack820
Jack821@gmail.com,Jack821
Jack822@gmail.com,Jack822
Jack823@gmail.com,Jack823
Jack824@gmail.com,Jack824
Jack825@gmail.com,Jack825
Jack826@gmail.com,Jack826
Jack827@gmail.com,Jack827
Jack828@gmail.com,Jack828
Jack829@gmail.com,Jack829
Jack830@gmail.com,Jack830
Jack831@gmail.com,Jack831
Jack832@gmail.com,Jack832
Jack833@gmail.com,Jack833
Jack834@gmail.com,Jack834
Jack835@gmail.com,Jack835
Jack836@gmail.com,Jack836
Jack837@gmail.com,Jack837
Jack838@gmail.com,Jack838
Jack839@gmail.com,Jack839
Jack840@gmail.com,Jack840
Jack841@gmail.com,Jack841
Jack842@gmail.com,Jack842
Jack843@gmail.com,Jack843
Jack844@gmail.com,Jack844
Jack845@gmail.com,Jack845
Jack846@gmail.com,Jack846
Jack847@gmail.com,Jack847
Jack848@gmail.com,Jack848
Jack849@gmail.com,Jack849
Jack850@gmail.com,Jack850
Jack851@gmail.com,Jack851
Jack852@gmail.com,Jack852
Jack853@gmail.com,Jack853
Jack854@gmail.com,Jack854
Jack855@gmail.com,Jack855
Jack856@gmail.com,Jack856
Jack857@gmail.com,Jack857
Jack858@gmail.com,Jack858
Jack859@gmail.com,Jack859
Jack860@gmail.com,Jack860
Jack861@gmail.com,Jack861
Jack862@gmail.com,Jack862
Jack863@gmail.com,Jack863
Jack864@gmail.com,Jack864
Jack865@gmail.com,Jack865
Jack866@gmail.com,Jack866
Jack867@gmail.com,Jack867
Jack868@gmail.com,Jack868
Jack869@gmail.com,Jack869
Jack870@gmail.com,Jack870
Jack871@gmail.com,Jack871
Jack872@gmail.com,Jack872
Jack873@gmail.com,Jack873
Jack874@gmail.com,Jack874
Jack875@gmail.com,Jack875
Jack876@gmail.com,Jack876
Jack877@gmail.com,Jack877
Jack878@gmail.com,Jack878
Jack879@gmail.com,Jack879
Jack880@gmail.com,Jack880
Jack881@gmail.com,Jack881
Jack882@gmail.com,Jack882
Jack883@gmail.com,Jack883
Jack884@gmail.com,Jack884
Jack885@gmail.com,Jack885
Jack886@gmail.com,Jack886
Jack887@gmail.com,Jack887
Jack888@gmail.com,Jack888
Jack889@gmail.com,Jack889
Jack890@gmail.com,Jack890
Jack891@gmail.com,Jack891
Jack892@gmail.com,Jack892
Jack893@gmail.com,Jack893
Jack894@gmail.com,Jack894
Jack895@gmail.com,Jack895
Jack896@gmail.com,Jack896
Jack897@gmail.com,Jack897
Jack898@gmail.com,Jack898
Jack899@gmail.com,Jack899
Jack900@gmail.com,Jack900
Jack901@gmail.com,Jack901
Jack902@gmail.com,Jack902
Jack903@gmail.com,Jack903
Jack904@gmail.com,Jack904
Jack905@gmail.com,Jack905
Jack906@gmail.com,Jack906
Jack907@gmail.com,Jack907
Jack908@gmail.com,Jack908
Jack909@gmail.com,Jack909
Jack910@gmail.com,Jack910
Jack911@gmail.com,Jack911
Jack912@gmail.com,Jack912
Jack913@gmail.com,Jack913
Jack914@gmail.com,Jack914
Jack915@gmail.com,Jack915
Jack916@gmail.com,Jack916
Jack917@gmail.com,Jack917
Jack918@gmail.com,Jack918
Jack919@gmail.com,Jack919
Jack920@gmail.com,Jack920
Jack921@gmail.com,Jack921
Jack922@gmail.com,Jack922
Jack923@gmail.com,Jack923
Jack924@gmail.com,Jack924
Jack925@gmail.com,Jack925
Jack926@gmail.com,Jack926
Jack927@gmail.com,Jack927
Jack928@gmail.com,Jack928
Jack929@gmail.com,Jack929
Jack930@gmail.com,Jack930
Jack931@gmail.com,Jack931
Jack932@gmail.com,Jack932
Jack933@gmail.com,Jack933
Jack934@gmail.com,Jack934
Jack935@gmail.com,Jack935
Jack936@gmail.com,Jack936
Jack937@gmail.com,Jack937
Jack938@gmail.com,Jack938
Jack939@gmail.com,Jack939
Jack940@gmail.com,Jack940
Jack941@gmail.com,Jack941
Jack942@gmail.com,Jack942
Jack943@gmail.com,Jack943
Jack944@gmail.com,Jack944
Jack945@gmail.com,Jack945
Jack946@gmail.com,Jack946
Jack947@gmail.com,Jack947
Jack948@gmail.com,Jack948
Jack949@gmail.com,Jack949
Jack950@gmail.com,Jack950
Jack951@gmail.com,Jack951
Jack952@gmail.com,Jack952
Jack953@gmail.com,Jack953
Jack954@gmail.com,Jack954
Jack955@gmail.com,Jack955
Jack956@gmail.com,Jack956
Jack957@gmail.com,Jack957
Jack958@gmail.com,Jack958
Jack959@gmail.com,Jack959
Jack960@gmail.com,Jack960
Jack961@gmail.com,Jack961
Jack962@gmail.com,Jack962
Jack963@gmail.com,Jack963
Jack964@gmail.com,Jack964
Jack965@gmail.com,Jack965
Jack966@gmail.com,Jack966
Jack967@gmail.com,Jack967
Jack968@gmail.com,Jack968
Jack969@gmail.com,Jack969
Jack970@gmail.com,Jack970
Jack971@gmail.com,Jack971
Jack972@gmail.com,Jack972
Jack973@gmail.com,Jack973
Jack974@gmail.com,Jack974
Jack975@gmail.com,Jack975
Jack976@gmail.com,Jack976
Jack977@gmail.com,Jack977
Jack978@gmail.com,Jack978
Jack979@gmail.com,Jack979
Jack980@gmail.com,Jack980
Jack981@gmail.com,Jack981
Jack982@gmail.com,Jack982
Jack983@gmail.com,Jack983
Jack984@gmail.com,Jack984
Jack985@gmail.com,Jack985
Jack986@gmail.com,Jack986
Jack987@gmail.com,Jack987
Jack988@gmail.com,Jack988
Jack989@gmail.com,Jack989
Jack990@gmail.com,Jack990
Jack991@gmail.com,Jack991
Jack992@gmail.com,Jack992
Jack993@gmail.com,Jack993
Jack994@gmail.com,Jack994
Jack995@gmail.com,Jack995
Jack996@gmail.com,Jack996
Jack997@gmail.com,Jack997
Jack998@gmail.com,Jack998
Jack999@gmail.com,Jack999
Jack1000@gmail.com,Jack1000
Jack1001@gmail.com,Jack1001
Jack1002@gmail.com,Jack1002
Jack1003@gmail.com,Jack1003
Jack1004@gmail.com,Jack1004
Jack1005@gmail.com,Jack1005
Jack1006@gmail.com,Jack1006
Jack1007@gmail.com,Jack1007
Jack1008@gmail.com,Jack1008
Jack1009@gmail.com,Jack1009
Jack1010@gmail.com,Jack1010
Jack1011@gmail.com,Jack1011
Jack1012@gmail.com,Jack1012
Jack1013@gmail.com,Jack1013
Jack1014@gmail.com,Jack1014
Jack1015@gmail.com,Jack1015
Jack1016@gmail.com,Jack1016
Jack1017@gmail.com,Jack1017
Jack1018@gmail.com,Jack1018
Jack1019@gmail.com,Jack1019
Jack1020@gmail.com,Jack1020
Jack1021@gmail.com,Jack1021
Jack1022@gmail.com,Jack1022
Jack1023@gmail.com,Jack1023
Jack1024@gmail.com,Jack1024
Jack1025@gmail.com,Jack1025
Jack1026@gmail.com,Jack1026
Jack1027@gmail.com,Jack1027
Jack1028@gmail.com,Jack1028
Jack1029@gmail.com,Jack1029
Jack1030@gmail.com,Jack1030
Jack1031@gmail.com,Jack1031
Jack1032@gmail.com,Jack1032
Jack1033@gmail.com,Jack1033
Jack1034@gmail.com,Jack1034
Jack1035@gmail.com,Jack1035
Jack1036@gmail.com,Jack1036
Jack1037@gmail.com,Jack1037
Jack1038@gmail.com,Jack1038
Jack1039@gmail.com,Jack1039
Jack1040@gmail.com,Jack1040
Jack1041@gmail.com,Jack1041
Jack1042@gmail.com,Jack1042
Jack1043@gmail.com,Jack1043
Jack1044@gmail.com,Jack1044
Jack1045@gmail.com,Jack1045
Jack1046@gmail.com,Jack1046
Jack1047@gmail.com,Jack1047
Jack1048@gmail.com,Jack1048
Jack1049@gmail.com,Jack1049
Jack1050@gmail.com,Jack1050
Jack1051@gmail.com,Jack1051
Jack1052@gmail.com,Jack1052
Jack1053@gmail.com,Jack1053
Jack1054@gmail.com,Jack1054
Jack1055@gmail.com,Jack1055
Jack1056@gmail.com,Jack1056
Jack1057@gmail.com,Jack1057
Jack1058@gmail.com,Jack1058
Jack1059@gmail.com,Jack1059
Jack1060@gmail.com,Jack1060
Jack1061@gmail.com,Jack1061
Jack1062@gmail.com,Jack1062
Jack1063@gmail.com,Jack1063
Jack1064@gmail.com,Jack1064
Jack1065@gmail.com,Jack1065
Jack1066@gmail.com,Jack1066
Jack1067@gmail.com,Jack1067
Jack1068@gmail.com,Jack1068
Jack1069@gmail.com,Jack1069
Jack1070@gmail.com,Jack1070
Jack1071@gmail.com,Jack1071
Jack1072@gmail.com,Jack1072
Jack1073@gmail.com,Jack1073
Jack1074@gmail.com,Jack1074
Jack1075@gmail.com,Jack1075
Jack1076@gmail.com,Jack1076
Jack1077@gmail.com,Jack1077
Jack1078@gmail.com,Jack1078
Jack1079@gmail.com,Jack1079
Jack1080@gmail.com,Jack1080
Jack1081@gmail.com,Jack1081
Jack1082@gmail.com,Jack1082
Jack1083@gmail.com,Jack1083
Jack1084@gmail.com,Jack1084
Jack1085@gmail.com,Jack1085
Jack1086@gmail.com,Jack1086
Jack1087@gmail.com,Jack1087
Jack1088@gmail.com,Jack1088
Jack1089@gmail.com,Jack1089
Jack1090@gmail.com,Jack1090
Jack1091@gmail.com,Jack1091
Jack1092@gmail.com,Jack1092
Jack1093@gmail.com,Jack1093
Jack1094@gmail.com,Jack1094
Jack1095@gmail.com,Jack1095
Jack1096@gmail.com,Jack1096
Jack1097@gmail.com,Jack1097
Jack1098@gmail.com,Jack1098
Jack1099@gmail.com,Jack1099
Jack1100@gmail.com,Jack1100
Jack1101@gmail.com,Jack1101
Jack1102@gmail.com,Jack1102
Jack1103@gmail.com,Jack1103
Jack1104@gmail.com,Jack1104
Jack1105@gmail.com,Jack1105
Jack1106@gmail.com,Jack1106
Jack1107@gmail.com,Jack1107
Jack1108@gmail.com,Jack1108
Jack1109@gmail.com,Jack1109
Jack1110@gmail.com,Jack1110
Jack1111@gmail.com,Jack1111
Jack1112@gmail.com,Jack1112
Jack1113@gmail.com,Jack1113
Jack1114@gmail.com,Jack1114
Jack1115@gmail.com,Jack1115
Jack1116@gmail.com,Jack1116
Jack1117@gmail.com,Jack1117
Jack1118@gmail.com,Jack1118
Jack1119@gmail.com,Jack1119
Jack1120@gmail.com,Jack1120
Jack1121@gmail.com,Jack1121
Jack1122@gmail.com,Jack1122
Jack1123@gmail.com,Jack1123
Jack1124@gmail.com,Jack1124
Jack1125@gmail.com,Jack1125
Jack1126@gmail.com,Jack1126
Jack1127@gmail.com,Jack1127
Jack1128@gmail.com,Jack1128
Jack1129@gmail.com,Jack1129
Jack1130@gmail.com,Jack1130
Jack1131@gmail.com,Jack1131
Jack1132@gmail.com,Jack1132
Jack1133@gmail.com,Jack1133
Jack1134@gmail.com,Jack1134
Jack1135@gmail.com,Jack1135
Jack1136@gmail.com,Jack1136
Jack1137@gmail.com,Jack1137
Jack1138@gmail.com,Jack1138
Jack1139@gmail.com,Jack1139
Jack1140@gmail.com,Jack1140
Jack1141@gmail.com,Jack1141
Jack1142@gmail.com,Jack1142
Jack1143@gmail.com,Jack1143
Jack1144@gmail.com,Jack1144
Jack1145@gmail.com,Jack1145
Jack1146@gmail.com,Jack1146
Jack1147@gmail.com,Jack1147
Jack1148@gmail.com,Jack1148
Jack1149@gmail.com,Jack1149
Jack1150@gmail.com,Jack1150
Jack1151@gmail.com,Jack1151
Jack1152@gmail.com,Jack1152
Jack1153@gmail.com,Jack1153
Jack1154@gmail.com,Jack1154
Jack1155@gmail.com,Jack1155
Jack1156@gmail.com,Jack1156
Jack1157@gmail.com,Jack1157
Jack1158@gmail.com,Jack1158
Jack1159@gmail.com,Jack1159
Jack1160@gmail.com,Jack1160
Jack1161@gmail.com,Jack1161
Jack1162@gmail.com,Jack1162
Jack1163@gmail.com,Jack1163
Jack1164@gmail.com,Jack1164
Jack1165@gmail.com,Jack1165
Jack1166@gmail.com,Jack1166
Jack1167@gmail.com,Jack1167
Jack1168@gmail.com,Jack1168
Jack1169@gmail.com,Jack1169
Jack1170@gmail.com,Jack1170
Jack1171@gmail.com,Jack1171
Jack1172@gmail.com,Jack1172
Jack1173@gmail.com,Jack1173
Jack1174@gmail.com,Jack1174
Jack1175@gmail.com,Jack1175
Jack1176@gmail.com,Jack1176
Jack1177@gmail.com,Jack1177
Jack1178@gmail.com,Jack1178
Jack1179@gmail.com,Jack1179
Jack1180@gmail.com,Jack1180
Jack1181@gmail.com,Jack1181
Jack1182@gmail.com,Jack1182
Jack1183@gmail.com,Jack1183
Jack1184@gmail.com,Jack1184
Jack1185@gmail.com,Jack1185
Jack1186@gmail.com,Jack1186
Jack1187@gmail.com,Jack1187
Jack1188@gmail.com,Jack1188
Jack1189@gmail.com,Jack1189
Jack1190@gmail.com,Jack1190
Jack1191@gmail.com,Jack1191
Jack1192@gmail.com,Jack1192
Jack1193@gmail.com,Jack1193
Jack1194@gmail.com,Jack1194
Jack1195@gmail.com,Jack1195
Jack1196@gmail.com,Jack1196
Jack1197@gmail.com,Jack1197
Jack1198@gmail.com,Jack1198
Jack1199@gmail.com,Jack1199
Jack1200@gmail.com,Jack1200
Jack1201@gmail.com,Jack1201
Jack1202@gmail.com,Jack1202
Jack1203@gmail.com,Jack1203
Jack1204@gmail.com,Jack1204
Jack1205@gmail.com,Jack1205
Jack1206@gmail.com,Jack1206
Jack1207@gmail.com,Jack1207
Jack1208@gmail.com,Jack1208
Jack1209@gmail.com,Jack1209
Jack1210@gmail.com,Jack1210
Jack1211@gmail.com,Jack1211
Jack1212@gmail.com,Jack1212
Jack1213@gmail.com,Jack1213
Jack1214@gmail.com,Jack1214
Jack1215@gmail.com,Jack1215
Jack1216@gmail.com,Jack1216
Jack1217@gmail.com,Jack1217
Jack1218@gmail.com,Jack1218
Jack1219@gmail.com,Jack1219
Jack1220@gmail.com,Jack1220
Jack1221@gmail.com,Jack1221
Jack1222@gmail.com,Jack1222
Jack1223@gmail.com,Jack1223
Jack1224@gmail.com,Jack1224
Jack1225@gmail.com,Jack1225
Jack1226@gmail.com,Jack1226
Jack1227@gmail.com,Jack1227
Jack1228@gmail.com,Jack1228
Jack1229@gmail.com,Jack1229
Jack1230@gmail.com,Jack1230
Jack1231@gmail.com,Jack1231
Jack1232@gmail.com,Jack1232
Jack1233@gmail.com,Jack1233
Jack1234@gmail.com,Jack1234
Jack1235@gmail.com,Jack1235
Jack1236@gmail.com,Jack1236
Jack1237@gmail.com,Jack1237
Jack1238@gmail.com,Jack1238
Jack1239@gmail.com,Jack1239
Jack1240@gmail.com,Jack1240
Jack1241@gmail.com,Jack1241
Jack1242@gmail.com,Jack1242
Jack1243@gmail.com,Jack1243
Jack1244@gmail.com,Jack1244
Jack1245@gmail.com,Jack1245
Jack1246@gmail.com,Jack1246
Jack1247@gmail.com,Jack1247
Jack1248@gmail.com,Jack1248
Jack1249@gmail.com,Jack1249
Jack1250@gmail.com,Jack1250
Jack1251@gmail.com,Jack1251
Jack1252@gmail.com,Jack1252
Jack1253@gmail.com,Jack1253
Jack1254@gmail.com,Jack1254
Jack1255@gmail.com,Jack1255
Jack1256@gmail.com,Jack1256
Jack1257@gmail.com,Jack1257
Jack1258@gmail.com,Jack1258
Jack1259@gmail.com,Jack1259
Jack1260@gmail.com,Jack1260
Jack1261@gmail.com,Jack1261
Jack1262@gmail.com,Jack1262
Jack1263@gmail.com,Jack1263
Jack1264@gmail.com,Jack1264
Jack1265@gmail.com,Jack1265
Jack1266@gmail.com,Jack1266
Jack1267@gmail.com,Jack1267
Jack1268@gmail.com,Jack1268
Jack1269@gmail.com,Jack1269
Jack1270@gmail.com,Jack1270
Jack1271@gmail.com,Jack1271
Jack1272@gmail.com,Jack1272
Jack1273@gmail.com,Jack1273
Jack1274@gmail.com,Jack1274
Jack1275@gmail.com,Jack1275
Jack1276@gmail.com,Jack1276
Jack1277@gmail.com,Jack1277
Jack1278@gmail.com,Jack1278
Jack1279@gmail.com,Jack1279
Jack1280@gmail.com,Jack1280
Jack1281@gmail.com,Jack1281
Jack1282@gmail.com,Jack1282
Jack1283@gmail.com,Jack1283
Jack1284@gmail.com,Jack1284
Jack1285@gmail.com,Jack1285
Jack1286@gmail.com,Jack1286
Jack1287@gmail.com,Jack1287
Jack1288@gmail.com,Jack1288
Jack1289@gmail.com,Jack1289
Jack1290@gmail.com,Jack1290
Jack1291@gmail.com,Jack1291
Jack1292@gmail.com,Jack1292
Jack1293@gmail.com,Jack1293
Jack1294@gmail.com,Jack1294
Jack1295@gmail.com,Jack1295
Jack1296@gmail.com,Jack1296
Jack1297@gmail.com,Jack1297
Jack1298@gmail.com,Jack1298
Jack1299@gmail.com,Jack1299
Jack1300@gmail.com,Jack1300
Jack1301@gmail.com,Jack1301
Jack1302@gmail.com,Jack1302
Jack1303@gmail.com,Jack1303
Jack1304@gmail.com,Jack1304
Jack1305@gmail.com,Jack1305
Jack1306@gmail.com,Jack1306
Jack1307@gmail.com,Jack1307
Jack1308@gmail.com,Jack1308
Jack1309@gmail.com,Jack1309
Jack1310@gmail.com,Jack1310
Jack1311@gmail.com,Jack1311
Jack1312@gmail.com,Jack1312
Jack1313@gmail.com,Jack1313
Jack1314@gmail.com,Jack1314
Jack1315@gmail.com,Jack1315
Jack1316@gmail.com,Jack1316
Jack1317@gmail.com,Jack1317
Jack1318@gmail.com,Jack1318
Jack1319@gmail.com,Jack1319
Jack1320@gmail.com,Jack1320
Jack1321@gmail.com,Jack1321
Jack1322@gmail.com,Jack1322
Jack1323@gmail.com,Jack1323
Jack1324@gmail.com,Jack1324
Jack1325@gmail.com,Jack1325
Jack1326@gmail.com,Jack1326
Jack1327@gmail.com,Jack1327
Jack1328@gmail.com,Jack1328
Jack1329@gmail.com,Jack1329
Jack1330@gmail.com,Jack1330
Jack1331@gmail.com,Jack1331
Jack1332@gmail.com,Jack1332
Jack1333@gmail.com,Jack1333
Jack1334@gmail.com,Jack1334
Jack1335@gmail.com,Jack1335
Jack1336@gmail.com,Jack1336
Jack1337@gmail.com,Jack1337
Jack1338@gmail.com,Jack1338
Jack1339@gmail.com,Jack1339
Jack1340@gmail.com,Jack1340
Jack1341@gmail.com,Jack1341
Jack1342@gmail.com,Jack1342
Jack1343@gmail.com,Jack1343
Jack1344@gmail.com,Jack1344
Jack1345@gmail.com,Jack1345
Jack1346@gmail.com,Jack1346
Jack1347@gmail.com,Jack1347
Jack1348@gmail.com,Jack1348
Jack1349@gmail.com,Jack1349
Jack1350@gmail.com,Jack1350
Jack1351@gmail.com,Jack1351
Jack1352@gmail.com,Jack1352
Jack1353@gmail.com,Jack1353
Jack1354@gmail.com,Jack1354
Jack1355@gmail.com,Jack1355
Jack1356@gmail.com,Jack1356
Jack1357@gmail.com,Jack1357
Jack1358@gmail.com,Jack1358
Jack1359@gmail.com,Jack1359
Jack1360@gmail.com,Jack1360
Jack1361@gmail.com,Jack1361
Jack1362@gmail.com,Jack1362
Jack1363@gmail.com,Jack1363
Jack1364@gmail.com,Jack1364
Jack1365@gmail.com,Jack1365
Jack1366@gmail.com,Jack1366
Jack1367@gmail.com,Jack1367
Jack1368@gmail.com,Jack1368
Jack1369@gmail.com,Jack1369
Jack1370@gmail.com,Jack1370
Jack1371@gmail.com,Jack1371
Jack1372@gmail.com,Jack1372
Jack1373@gmail.com,Jack1373
Jack1374@gmail.com,Jack1374
Jack1375@gmail.com,Jack1375
Jack1376@gmail.com,Jack1376
Jack1377@gmail.com,Jack1377
Jack1378@gmail.com,Jack1378
Jack1379@gmail.com,Jack1379
Jack1380@gmail.com,Jack1380
Jack1381@gmail.com,Jack1381
Jack1382@gmail.com,Jack1382
Jack1383@gmail.com,Jack1383
Jack1384@gmail.com,Jack1384
Jack1385@gmail.com,Jack1385
Jack1386@gmail.com,Jack1386
Jack1387@gmail.com,Jack1387
Jack1388@gmail.com,Jack1388
Jack1389@gmail.com,Jack1389
Jack1390@gmail.com,Jack1390
Jack1391@gmail.com,Jack1391
Jack1392@gmail.com,Jack1392
Jack1393@gmail.com,Jack1393
Jack1394@gmail.com,Jack1394
Jack1395@gmail.com,Jack1395
Jack1396@gmail.com,Jack1396
Jack1397@gmail.com,Jack1397
Jack1398@gmail.com,Jack1398
Jack1399@gmail.com,Jack1399
Jack1400@gmail.com,Jack1400
Jack1401@gmail.com,Jack1401
Jack1402@gmail.com,Jack1402
Jack1403@gmail.com,Jack1403
Jack1404@gmail.com,Jack1404
Jack1405@gmail.com,Jack1405
Jack1406@gmail.com,Jack1406
Jack1407@gmail.com,Jack1407
Jack1408@gmail.com,Jack1408
Jack1409@gmail.com,Jack1409
Jack1410@gmail.com,Jack1410
Jack1411@gmail.com,Jack1411
Jack1412@gmail.com,Jack1412
Jack1413@gmail.com,Jack1413
Jack1414@gmail.com,Jack1414
Jack1415@gmail.com,Jack1415
Jack1416@gmail.com,Jack1416
Jack1417@gmail.com,Jack1417
Jack1418@gmail.com,Jack1418
Jack1419@gmail.com,Jack1419
Jack1420@gmail.com,Jack1420
Jack1421@gmail.com,Jack1421
Jack1422@gmail.com,Jack1422
Jack1423@gmail.com,Jack1423
Jack1424@gmail.com,Jack1424
Jack1425@gmail.com,Jack1425
Jack1426@gmail.com,Jack1426
Jack1427@gmail.com,Jack1427
Jack1428@gmail.com,Jack1428
Jack1429@gmail.com,Jack1429
Jack1430@gmail.com,Jack1430
Jack1431@gmail.com,Jack1431
Jack1432@gmail.com,Jack1432
Jack1433@gmail.com,Jack1433
Jack1434@gmail.com,Jack1434
Jack1435@gmail.com,Jack1435
Jack1436@gmail.com,Jack1436
Jack1437@gmail.com,Jack1437
Jack1438@gmail.com,Jack1438
Jack1439@gmail.com,Jack1439
Jack1440@gmail.com,Jack1440
Jack1441@gmail.com,Jack1441
Jack1442@gmail.com,Jack1442
Jack1443@gmail.com,Jack1443
Jack1444@gmail.com,Jack1444
Jack1445@gmail.com,Jack1445
Jack1446@gmail.com,Jack1446
Jack1447@gmail.com,Jack1447
Jack1448@gmail.com,Jack1448
Jack1449@gmail.com,Jack1449
Jack1450@gmail.com,Jack1450
Jack1451@gmail.com,Jack1451
Jack1452@gmail.com,Jack1452
Jack1453@gmail.com,Jack1453
Jack1454@gmail.com,Jack1454
Jack1455@gmail.com,Jack1455
Jack1456@gmail.com,Jack1456
Jack1457@gmail.com,Jack1457
Jack1458@gmail.com,Jack1458
Jack1459@gmail.com,Jack1459
Jack1460@gmail.com,Jack1460
Jack1461@gmail.com,Jack1461
Jack1462@gmail.com,Jack1462
Jack1463@gmail.com,Jack1463
Jack1464@gmail.com,Jack1464
Jack1465@gmail.com,Jack1465
Jack1466@gmail.com,Jack1466
Jack1467@gmail.com,Jack1467
Jack1468@gmail.com,Jack1468
Jack1469@gmail.com,Jack1469
Jack1470@gmail.com,Jack1470
Jack1471@gmail.com,Jack1471
Jack1472@gmail.com,Jack1472
Jack1473@gmail.com,Jack1473
Jack1474@gmail.com,Jack1474
Jack1475@gmail.com,Jack1475
Jack1476@gmail.com,Jack1476
Jack1477@gmail.com,Jack1477
Jack1478@gmail.com,Jack1478
Jack1479@gmail.com,Jack1479
Jack1480@gmail.com,Jack1480
Jack1481@gmail.com,Jack1481
Jack1482@gmail.com,Jack1482
Jack1483@gmail.com,Jack1483
Jack1484@gmail.com,Jack1484
Jack1485@gmail.com,Jack1485
Jack1486@gmail.com,Jack1486
Jack1487@gmail.com,Jack1487
Jack1488@gmail.com,Jack1488
Jack1489@gmail.com,Jack1489
Jack1490@gmail.com,Jack1490
Jack1491@gmail.com,Jack1491
Jack1492@gmail.com,Jack1492
Jack1493@gmail.com,Jack1493
Jack1494@gmail.com,Jack1494
Jack1495@gmail.com,Jack1495
Jack1496@gmail.com,Jack1496
Jack1497@gmail.com,Jack1497
Jack1498@gmail.com,Jack1498
Jack1499@gmail.com,Jack1499
Jack1500@gmail.com,Jack1500
Jack1501@gmail.com,Jack1501
Jack1502@gmail.com,Jack1502
Jack1503@gmail.com,Jack1503
Jack1504@gmail.com,Jack1504
Jack1505@gmail.com,Jack1505
Jack1506@gmail.com,Jack1506
Jack1507@gmail.com,Jack1507
Jack1508@gmail.com,Jack1508
Jack1509@gmail.com,Jack1509
Jack1510@gmail.com,Jack1510
Jack1511@gmail.com,Jack1511
Jack1512@gmail.com,Jack1512
Jack1513@gmail.com,Jack1513
Jack1514@gmail.com,Jack1514
Jack1515@gmail.com,Jack1515
Jack1516@gmail.com,Jack1516
Jack1517@gmail.com,Jack1517
Jack1518@gmail.com,Jack1518
Jack1519@gmail.com,Jack1519
Jack1520@gmail.com,Jack1520
Jack1521@gmail.com,Jack1521
Jack1522@gmail.com,Jack1522
Jack1523@gmail.com,Jack1523
Jack1524@gmail.com,Jack1524
Jack1525@gmail.com,Jack1525
Jack1526@gmail.com,Jack1526
Jack1527@gmail.com,Jack1527
Jack1528@gmail.com,Jack1528
Jack1529@gmail.com,Jack1529
Jack1530@gmail.com,Jack1530
Jack1531@gmail.com,Jack1531
Jack1532@gmail.com,Jack1532
Jack1533@gmail.com,Jack1533
Jack1534@gmail.com,Jack1534
Jack1535@gmail.com,Jack1535
Jack1536@gmail.com,Jack1536
Jack1537@gmail.com,Jack1537
Jack1538@gmail.com,Jack1538
Jack1539@gmail.com,Jack1539
Jack1540@gmail.com,Jack1540
Jack1541@gmail.com,Jack1541
Jack1542@gmail.com,Jack1542
Jack1543@gmail.com,Jack1543
Jack1544@gmail.com,Jack1544
Jack1545@gmail.com,Jack1545
Jack1546@gmail.com,Jack1546
Jack1547@gmail.com,Jack1547
Jack1548@gmail.com,Jack1548
Jack1549@gmail.com,Jack1549
Jack1550@gmail.com,Jack1550
Jack1551@gmail.com,Jack1551
Jack1552@gmail.com,Jack1552
Jack1553@gmail.com,Jack1553
Jack1554@gmail.com,Jack1554
Jack1555@gmail.com,Jack1555
Jack1556@gmail.com,Jack1556
Jack1557@gmail.com,Jack1557
Jack1558@gmail.com,Jack1558
Jack1559@gmail.com,Jack1559
Jack1560@gmail.com,Jack1560
Jack1561@gmail.com,Jack1561
Jack1562@gmail.com,Jack1562
Jack1563@gmail.com,Jack1563
Jack1564@gmail.com,Jack1564
Jack1565@gmail.com,Jack1565
Jack1566@gmail.com,Jack1566
Jack1567@gmail.com,Jack1567
Jack1568@gmail.com,Jack1568
Jack1569@gmail.com,Jack1569
Jack1570@gmail.com,Jack1570
Jack1571@gmail.com,Jack1571
Jack1572@gmail.com,Jack1572
Jack1573@gmail.com,Jack1573
Jack1574@gmail.com,Jack1574
Jack1575@gmail.com,Jack1575
Jack1576@gmail.com,Jack1576
Jack1577@gmail.com,Jack1577
Jack1578@gmail.com,Jack1578
Jack1579@gmail.com,Jack1579
Jack1580@gmail.com,Jack1580
Jack1581@gmail.com,Jack1581
Jack1582@gmail.com,Jack1582
Jack1583@gmail.com,Jack1583
Jack1584@gmail.com,Jack1584
Jack1585@gmail.com,Jack1585
Jack1586@gmail.com,Jack1586
Jack1587@gmail.com,Jack1587
Jack1588@gmail.com,Jack1588
Jack1589@gmail.com,Jack1589
Jack1590@gmail.com,Jack1590
Jack1591@gmail.com,Jack1591
Jack1592@gmail.com,Jack1592
Jack1593@gmail.com,Jack1593
Jack1594@gmail.com,Jack1594
Jack1595@gmail.com,Jack1595
Jack1596@gmail.com,Jack1596
Jack1597@gmail.com,Jack1597
Jack1598@gmail.com,Jack1598
Jack1599@gmail.com,Jack1599
Jack1600@gmail.com,Jack1600
Jack1601@gmail.com,Jack1601
Jack1602@gmail.com,Jack1602
Jack1603@gmail.com,Jack1603
Jack1604@gmail.com,Jack1604
Jack1605@gmail.com,Jack1605
Jack1606@gmail.com,Jack1606
Jack1607@gmail.com,Jack1607
Jack1608@gmail.com,Jack1608
Jack1609@gmail.com,Jack1609
Jack1610@gmail.com,Jack1610
Jack1611@gmail.com,Jack1611
Jack1612@gmail.com,Jack1612
Jack1613@gmail.com,Jack1613
Jack1614@gmail.com,Jack1614
Jack1615@gmail.com,Jack1615
Jack1616@gmail.com,Jack1616
Jack1617@gmail.com,Jack1617
Jack1618@gmail.com,Jack1618
Jack1619@gmail.com,Jack1619
Jack1620@gmail.com,Jack1620
Jack1621@gmail.com,Jack1621
Jack1622@gmail.com,Jack1622
Jack1623@gmail.com,Jack1623
Jack1624@gmail.com,Jack1624
Jack1625@gmail.com,Jack1625
Jack1626@gmail.com,Jack1626
Jack1627@gmail.com,Jack1627
Jack1628@gmail.com,Jack1628
Jack1629@gmail.com,Jack1629
Jack1630@gmail.com,Jack1630
Jack1631@gmail.com,Jack1631
Jack1632@gmail.com,Jack1632
Jack1633@gmail.com,Jack1633
Jack1634@gmail.com,Jack1634
Jack1635@gmail.com,Jack1635
Jack1636@gmail.com,Jack1636
Jack1637@gmail.com,Jack1637
Jack1638@gmail.com,Jack1638
Jack1639@gmail.com,Jack1639
Jack1640@gmail.com,Jack1640
Jack1641@gmail.com,Jack1641
Jack1642@gmail.com,Jack1642
Jack1643@gmail.com,Jack1643
Jack1644@gmail.com,Jack1644
Jack1645@gmail.com,Jack1645
Jack1646@gmail.com,Jack1646
Jack1647@gmail.com,Jack1647
Jack1648@gmail.com,Jack1648
Jack1649@gmail.com,Jack1649
Jack1650@gmail.com,Jack1650
Jack1651@gmail.com,Jack1651
Jack1652@gmail.com,Jack1652
Jack1653@gmail.com,Jack1653
Jack1654@gmail.com,Jack1654
Jack1655@gmail.com,Jack1655
Jack1656@gmail.com,Jack1656
Jack1657@gmail.com,Jack1657
Jack1658@gmail.com,Jack1658
Jack1659@gmail.com,Jack1659
Jack1660@gmail.com,Jack1660
Jack1661@gmail.com,Jack1661
Jack1662@gmail.com,Jack1662
Jack1663@gmail.com,Jack1663
Jack1664@gmail.com,Jack1664
Jack1665@gmail.com,Jack1665
Jack1666@gmail.com,Jack1666
Jack1667@gmail.com,Jack1667
Jack1668@gmail.com,Jack1668
Jack1669@gmail.com,Jack1669
Jack1670@gmail.com,Jack1670
Jack1671@gmail.com,Jack1671
Jack1672@gmail.com,Jack1672
Jack1673@gmail.com,Jack1673
Jack1674@gmail.com,Jack1674
Jack1675@gmail.com,Jack1675
Jack1676@gmail.com,Jack1676
Jack1677@gmail.com,Jack1677
Jack1678@gmail.com,Jack1678
Jack1679@gmail.com,Jack1679
Jack1680@gmail.com,Jack1680
Jack1681@gmail.com,Jack1681
Jack1682@gmail.com,Jack1682
Jack1683@gmail.com,Jack1683
Jack1684@gmail.com,Jack1684
Jack1685@gmail.com,Jack1685
Jack1686@gmail.com,Jack1686
Jack1687@gmail.com,Jack1687
Jack1688@gmail.com,Jack1688
Jack1689@gmail.com,Jack1689
Jack1690@gmail.com,Jack1690
Jack1691@gmail.com,Jack1691
Jack1692@gmail.com,Jack1692
Jack1693@gmail.com,Jack1693
Jack1694@gmail.com,Jack1694
Jack1695@gmail.com,Jack1695
Jack1696@gmail.com,Jack1696
Jack1697@gmail.com,Jack1697
Jack1698@gmail.com,Jack1698
Jack1699@gmail.com,Jack1699
Jack1700@gmail.com,Jack1700
Jack1701@gmail.com,Jack1701
Jack1702@gmail.com,Jack1702
Jack1703@gmail.com,Jack1703
Jack1704@gmail.com,Jack1704
Jack1705@gmail.com,Jack1705
Jack1706@gmail.com,Jack1706
Jack1707@gmail.com,Jack1707
Jack1708@gmail.com,Jack1708
Jack1709@gmail.com,Jack1709
Jack1710@gmail.com,Jack1710
Jack1711@gmail.com,Jack1711
Jack1712@gmail.com,Jack1712
Jack1713@gmail.com,Jack1713
Jack1714@gmail.com,Jack1714
Jack1715@gmail.com,Jack1715
Jack1716@gmail.com,Jack1716
Jack1717@gmail.com,Jack1717
Jack1718@gmail.com,Jack1718
Jack1719@gmail.com,Jack1719
Jack1720@gmail.com,Jack1720
Jack1721@gmail.com,Jack1721
Jack1722@gmail.com,Jack1722
Jack1723@gmail.com,Jack1723
Jack1724@gmail.com,Jack1724
Jack1725@gmail.com,Jack1725
Jack1726@gmail.com,Jack1726
Jack1727@gmail.com,Jack1727
Jack1728@gmail.com,Jack1728
Jack1729@gmail.com,Jack1729
Jack1730@gmail.com,Jack1730
Jack1731@gmail.com,Jack1731
Jack1732@gmail.com,Jack1732
Jack1733@gmail.com,Jack1733
Jack1734@gmail.com,Jack1734
Jack1735@gmail.com,Jack1735
Jack1736@gmail.com,Jack1736
Jack1737@gmail.com,Jack1737
Jack1738@gmail.com,Jack1738
Jack1739@gmail.com,Jack1739
Jack1740@gmail.com,Jack1740
Jack1741@gmail.com,Jack1741
Jack1742@gmail.com,Jack1742
Jack1743@gmail.com,Jack1743
Jack1744@gmail.com,Jack1744
Jack1745@gmail.com,Jack1745
Jack1746@gmail.com,Jack1746
Jack1747@gmail.com,Jack1747
Jack1748@gmail.com,Jack1748
Jack1749@gmail.com,Jack1749
Jack1750@gmail.com,Jack1750
Jack1751@gmail.com,Jack1751
Jack1752@gmail.com,Jack1752
Jack1753@gmail.com,Jack1753
Jack1754@gmail.com,Jack1754
Jack1755@gmail.com,Jack1755
Jack1756@gmail.com,Jack1756
Jack1757@gmail.com,Jack1757
Jack1758@gmail.com,Jack1758
Jack1759@gmail.com,Jack1759
Jack1760@gmail.com,Jack1760
Jack1761@gmail.com,Jack1761
Jack1762@gmail.com,Jack1762
Jack1763@gmail.com,Jack1763
Jack1764@gmail.com,Jack1764
Jack1765@gmail.com,Jack1765
Jack1766@gmail.com,Jack1766
Jack1767@gmail.com,Jack1767
Jack1768@gmail.com,Jack1768
Jack1769@gmail.com,Jack1769
Jack1770@gmail.com,Jack1770
Jack1771@gmail.com,Jack1771
Jack1772@gmail.com,Jack1772
Jack1773@gmail.com,Jack1773
Jack1774@gmail.com,Jack1774
Jack1775@gmail.com,Jack1775
Jack1776@gmail.com,Jack1776
Jack1777@gmail.com,Jack1777
Jack1778@gmail.com,Jack1778
Jack1779@gmail.com,Jack1779
Jack1780@gmail.com,Jack1780
Jack1781@gmail.com,Jack1781
Jack1782@gmail.com,Jack1782
Jack1783@gmail.com,Jack1783
Jack1784@gmail.com,Jack1784
Jack1785@gmail.com,Jack1785
Jack1786@gmail.com,Jack1786
Jack1787@gmail.com,Jack1787
Jack1788@gmail.com,Jack1788
Jack1789@gmail.com,Jack1789
Jack1790@gmail.com,Jack1790
Jack1791@gmail.com,Jack1791
Jack1792@gmail.com,Jack1792
Jack1793@gmail.com,Jack1793
Jack1794@gmail.com,Jack1794
Jack1795@gmail.com,Jack1795
Jack1796@gmail.com,Jack1796
Jack1797@gmail.com,Jack1797
Jack1798@gmail.com,Jack1798
Jack1799@gmail.com,Jack1799
Jack1800@gmail.com,Jack1800
Jack1801@gmail.com,Jack1801
Jack1802@gmail.com,Jack1802
Jack1803@gmail.com,Jack1803
Jack1804@gmail.com,Jack1804
Jack1805@gmail.com,Jack1805
Jack1806@gmail.com,Jack1806
Jack1807@gmail.com,Jack1807
Jack1808@gmail.com,Jack1808
Jack1809@gmail.com,Jack1809
Jack1810@gmail.com,Jack1810
Jack1811@gmail.com,Jack1811
Jack1812@gmail.com,Jack1812
Jack1813@gmail.com,Jack1813
Jack1814@gmail.com,Jack1814
Jack1815@gmail.com,Jack1815
Jack1816@gmail.com,Jack1816
Jack1817@gmail.com,Jack1817
Jack1818@gmail.com,Jack1818
Jack1819@gmail.com,Jack1819
Jack1820@gmail.com,Jack1820
Jack1821@gmail.com,Jack1821
Jack1822@gmail.com,Jack1822
Jack1823@gmail.com,Jack1823
Jack1824@gmail.com,Jack1824
Jack1825@gmail.com,Jack1825
Jack1826@gmail.com,Jack1826
Jack1827@gmail.com,Jack1827
Jack1828@gmail.com,Jack1828
Jack1829@gmail.com,Jack1829
Jack1830@gmail.com,Jack1830
Jack1831@gmail.com,Jack1831
Jack1832@gmail.com,Jack1832
Jack1833@gmail.com,Jack1833
Jack1834@gmail.com,Jack1834
Jack1835@gmail.com,Jack1835
Jack1836@gmail.com,Jack1836
Jack1837@gmail.com,Jack1837
Jack1838@gmail.com,Jack1838
Jack1839@gmail.com,Jack1839
Jack1840@gmail.com,Jack1840
Jack1841@gmail.com,Jack1841
Jack1842@gmail.com,Jack1842
Jack1843@gmail.com,Jack1843
Jack1844@gmail.com,Jack1844
Jack1845@gmail.com,Jack1845
Jack1846@gmail.com,Jack1846
Jack1847@gmail.com,Jack1847
Jack1848@gmail.com,Jack1848
Jack1849@gmail.com,Jack1849
Jack1850@gmail.com,Jack1850
Jack1851@gmail.com,Jack1851
Jack1852@gmail.com,Jack1852
Jack1853@gmail.com,Jack1853
Jack1854@gmail.com,Jack1854
Jack1855@gmail.com,Jack1855
Jack1856@gmail.com,Jack1856
Jack1857@gmail.com,Jack1857
Jack1858@gmail.com,Jack1858
Jack1859@gmail.com,Jack1859
Jack1860@gmail.com,Jack1860
Jack1861@gmail.com,Jack1861
Jack1862@gmail.com,Jack1862
Jack1863@gmail.com,Jack1863
Jack1864@gmail.com,Jack1864
Jack1865@gmail.com,Jack1865
Jack1866@gmail.com,Jack1866
Jack1867@gmail.com,Jack1867
Jack1868@gmail.com,Jack1868
Jack1869@gmail.com,Jack1869
Jack1870@gmail.com,Jack1870
Jack1871@gmail.com,Jack1871
Jack1872@gmail.com,Jack1872
Jack1873@gmail.com,Jack1873
Jack1874@gmail.com,Jack1874
Jack1875@gmail.com,Jack1875
Jack1876@gmail.com,Jack1876
Jack1877@gmail.com,Jack1877
Jack1878@gmail.com,Jack1878
Jack1879@gmail.com,Jack1879
Jack1880@gmail.com,Jack1880
Jack1881@gmail.com,Jack1881
Jack1882@gmail.com,Jack1882
Jack1883@gmail.com,Jack1883
Jack1884@gmail.com,Jack1884
Jack1885@gmail.com,Jack1885
Jack1886@gmail.com,Jack1886
Jack1887@gmail.com,Jack1887
Jack1888@gmail.com,Jack1888
Jack1889@gmail.com,Jack1889
Jack1890@gmail.com,Jack1890
Jack1891@gmail.com,Jack1891
Jack1892@gmail.com,Jack1892
Jack1893@gmail.com,Jack1893
Jack1894@gmail.com,Jack1894
Jack1895@gmail.com,Jack1895
Jack1896@gmail.com,Jack1896
Jack1897@gmail.com,Jack1897
Jack1898@gmail.com,Jack1898
Jack1899@gmail.com,Jack1899
Jack1900@gmail.com,Jack1900
Jack1901@gmail.com,Jack1901
Jack1902@gmail.com,Jack1902
Jack1903@gmail.com,Jack1903
Jack1904@gmail.com,Jack1904
Jack1905@gmail.com,Jack1905
Jack1906@gmail.com,Jack1906
Jack1907@gmail.com,Jack1907
Jack1908@gmail.com,Jack1908
Jack1909@gmail.com,Jack1909
Jack1910@gmail.com,Jack1910
Jack1911@gmail.com,Jack1911
Jack1912@gmail.com,Jack1912
Jack1913@gmail.com,Jack1913
Jack1914@gmail.com,Jack1914
Jack1915@gmail.com,Jack1915
Jack1916@gmail.com,Jack1916
Jack1917@gmail.com,Jack1917
Jack1918@gmail.com,Jack1918
Jack1919@gmail.com,Jack1919
Jack1920@gmail.com,Jack1920
Jack1921@gmail.com,Jack1921
Jack1922@gmail.com,Jack1922
Jack1923@gmail.com,Jack1923
Jack1924@gmail.com,Jack1924
Jack1925@gmail.com,Jack1925
Jack1926@gmail.com,Jack1926
Jack1927@gmail.com,Jack1927
Jack1928@gmail.com,Jack1928
Jack1929@gmail.com,Jack1929
Jack1930@gmail.com,Jack1930
Jack1931@gmail.com,Jack1931
Jack1932@gmail.com,Jack1932
Jack1933@gmail.com,Jack1933
Jack1934@gmail.com,Jack1934
Jack1935@gmail.com,Jack1935
Jack1936@gmail.com,Jack1936
Jack1937@gmail.com,Jack1937
Jack1938@gmail.com,Jack1938
Jack1939@gmail.com,Jack1939
Jack1940@gmail.com,Jack1940
Jack1941@gmail.com,Jack1941
Jack1942@gmail.com,Jack1942
Jack1943@gmail.com,Jack1943
Jack1944@gmail.com,Jack1944
Jack1945@gmail.com,Jack1945
Jack1946@gmail.com,Jack1946
Jack1947@gmail.com,Jack1947
Jack1948@gmail.com,Jack1948
Jack1949@gmail.com,Jack1949
Jack1950@gmail.com,Jack1950
Jack1951@gmail.com,Jack1951
Jack1952@gmail.com,Jack1952
Jack1953@gmail.com,Jack1953
Jack1954@gmail.com,Jack1954
Jack1955@gmail.com,Jack1955
Jack1956@gmail.com,Jack1956
Jack1957@gmail.com,Jack1957
Jack1958@gmail.com,Jack1958
Jack1959@gmail.com,Jack1959
Jack1960@gmail.com,Jack1960
Jack1961@gmail.com,Jack1961
Jack1962@gmail.com,Jack1962
Jack1963@gmail.com,Jack1963
Jack1964@gmail.com,Jack1964
Jack1965@gmail.com,Jack1965
Jack1966@gmail.com,Jack1966
Jack1967@gmail.com,Jack1967
Jack1968@gmail.com,Jack1968
Jack1969@gmail.com,Jack1969
Jack1970@gmail.com,Jack1970
Jack1971@gmail.com,Jack1971
Jack1972@gmail.com,Jack1972
Jack1973@gmail.com,Jack1973
Jack1974@gmail.com,Jack1974
Jack1975@gmail.com,Jack1975
Jack1976@gmail.com,Jack1976
Jack1977@gmail.com,Jack1977
Jack1978@gmail.com,Jack1978
Jack1979@gmail.com,Jack1979
Jack1980@gmail.com,Jack1980
Jack1981@gmail.com,Jack1981
Jack1982@gmail.com,Jack1982
Jack1983@gmail.com,Jack1983
Jack1984@gmail.com,Jack1984
Jack1985@gmail.com,Jack1985
Jack1986@gmail.com,Jack1986
Jack1987@gmail.com,Jack1987
Jack1988@gmail.com,Jack1988
Jack1989@gmail.com,Jack1989
Jack1990@gmail.com,Jack1990
Jack1991@gmail.com,Jack1991
Jack1992@gmail.com,Jack1992
Jack1993@gmail.com,Jack1993
Jack1994@gmail.com,Jack1994
Jack1995@gmail.com,Jack1995
Jack1996@gmail.com,Jack1996
Jack1997@gmail.com,Jack1997
Jack1998@gmail.com,Jack1998
Jack1999@gmail.com,Jack1999
Jack2000@gmail.com,Jack2000
Jack2001@gmail.com,Jack2001
Jack2002@gmail.com,Jack2002
Jack2003@gmail.com,Jack2003
Jack2004@gmail.com,Jack2004
Jack2005@gmail.com,Jack2005
Jack2006@gmail.com,Jack2006
Jack2007@gmail.com,Jack2007
Jack2008@gmail.com,Jack2008
Jack2009@gmail.com,Jack2009
Jack2010@gmail.com,Jack2010
Jack2011@gmail.com,Jack2011
Jack2012@gmail.com,Jack2012
Jack2013@gmail.com,Jack2013
Jack2014@gmail.com,Jack2014
Jack2015@gmail.com,Jack2015
Jack2016@gmail.com,Jack2016
Jack2017@gmail.com,Jack2017
Jack2018@gmail.com,Jack2018
Jack2019@gmail.com,Jack2019
Jack2020@gmail.com,Jack2020
Jack2021@gmail.com,Jack2021
Jack2022@gmail.com,Jack2022
Jack2023@gmail.com,Jack2023
Jack2024@gmail.com,Jack2024
Jack2025@gmail.com,Jack2025
Jack2026@gmail.com,Jack2026
Jack2027@gmail.com,Jack2027
Jack2028@gmail.com,Jack2028
Jack2029@gmail.com,Jack2029
Jack2030@gmail.com,Jack2030
Jack2031@gmail.com,Jack2031
Jack2032@gmail.com,Jack2032
Jack2033@gmail.com,Jack2033
Jack2034@gmail.com,Jack2034
Jack2035@gmail.com,Jack2035
Jack2036@gmail.com,Jack2036
Jack2037@gmail.com,Jack2037
Jack2038@gmail.com,Jack2038
Jack2039@gmail.com,Jack2039
Jack2040@gmail.com,Jack2040
Jack2041@gmail.com,Jack2041
Jack2042@gmail.com,Jack2042
Jack2043@gmail.com,Jack2043
Jack2044@gmail.com,Jack2044
Jack2045@gmail.com,Jack2045
Jack2046@gmail.com,Jack2046
Jack2047@gmail.com,Jack2047
Jack2048@gmail.com,Jack2048
Jack2049@gmail.com,Jack2049
Jack2050@gmail.com,Jack2050
Jack2051@gmail.com,Jack2051
Jack2052@gmail.com,Jack2052
Jack2053@gmail.com,Jack2053
Jack2054@gmail.com,Jack2054
Jack2055@gmail.com,Jack2055
Jack2056@gmail.com,Jack2056
Jack2057@gmail.com,Jack2057
Jack2058@gmail.com,Jack2058
Jack2059@gmail.com,Jack2059
Jack2060@gmail.com,Jack2060
Jack2061@gmail.com,Jack2061
Jack2062@gmail.com,Jack2062
Jack2063@gmail.com,Jack2063
Jack2064@gmail.com,Jack2064
Jack2065@gmail.com,Jack2065
Jack2066@gmail.com,Jack2066
Jack2067@gmail.com,Jack2067
Jack2068@gmail.com,Jack2068
Jack2069@gmail.com,Jack2069
Jack2070@gmail.com,Jack2070
Jack2071@gmail.com,Jack2071
Jack2072@gmail.com,Jack2072
Jack2073@gmail.com,Jack2073
Jack2074@gmail.com,Jack2074
Jack2075@gmail.com,Jack2075
Jack2076@gmail.com,Jack2076
Jack2077@gmail.com,Jack2077
Jack2078@gmail.com,Jack2078
Jack2079@gmail.com,Jack2079
Jack2080@gmail.com,Jack2080
Jack2081@gmail.com,Jack2081
Jack2082@gmail.com,Jack2082
Jack2083@gmail.com,Jack2083
Jack2084@gmail.com,Jack2084
Jack2085@gmail.com,Jack2085
Jack2086@gmail.com,Jack2086
Jack2087@gmail.com,Jack2087
Jack2088@gmail.com,Jack2088
Jack2089@gmail.com,Jack2089
Jack2090@gmail.com,Jack2090
Jack2091@gmail.com,Jack2091
Jack2092@gmail.com,Jack2092
Jack2093@gmail.com,Jack2093
Jack2094@gmail.com,Jack2094
Jack2095@gmail.com,Jack2095
Jack2096@gmail.com,Jack2096
Jack2097@gmail.com,Jack2097
Jack2098@gmail.com,Jack2098
Jack2099@gmail.com,Jack2099
Jack2100@gmail.com,Jack2100
Jack2101@gmail.com,Jack2101
Jack2102@gmail.com,Jack2102
Jack2103@gmail.com,Jack2103
Jack2104@gmail.com,Jack2104
Jack2105@gmail.com,Jack2105
Jack2106@gmail.com,Jack2106
Jack2107@gmail.com,Jack2107
Jack2108@gmail.com,Jack2108
Jack2109@gmail.com,Jack2109
Jack2110@gmail.com,Jack2110
Jack2111@gmail.com,Jack2111
Jack2112@gmail.com,Jack2112
Jack2113@gmail.com,Jack2113
Jack2114@gmail.com,Jack2114
Jack2115@gmail.com,Jack2115
Jack2116@gmail.com,Jack2116
Jack2117@gmail.com,Jack2117
Jack2118@gmail.com,Jack2118
Jack2119@gmail.com,Jack2119
Jack2120@gmail.com,Jack2120
Jack2121@gmail.com,Jack2121
Jack2122@gmail.com,Jack2122
Jack2123@gmail.com,Jack2123
Jack2124@gmail.com,Jack2124
Jack2125@gmail.com,Jack2125
Jack2126@gmail.com,Jack2126
Jack2127@gmail.com,Jack2127
Jack2128@gmail.com,Jack2128
Jack2129@gmail.com,Jack2129
Jack2130@gmail.com,Jack2130
Jack2131@gmail.com,Jack2131
Jack2132@gmail.com,Jack2132
Jack2133@gmail.com,Jack2133
Jack2134@gmail.com,Jack2134
Jack2135@gmail.com,Jack2135
Jack2136@gmail.com,Jack2136
Jack2137@gmail.com,Jack2137
Jack2138@gmail.com,Jack2138
Jack2139@gmail.com,Jack2139
Jack2140@gmail.com,Jack2140
Jack2141@gmail.com,Jack2141
Jack2142@gmail.com,Jack2142
Jack2143@gmail.com,Jack2143
Jack2144@gmail.com,Jack2144
Jack2145@gmail.com,Jack2145
Jack2146@gmail.com,Jack2146
Jack2147@gmail.com,Jack2147
Jack2148@gmail.com,Jack2148
Jack2149@gmail.com,Jack2149
Jack2150@gmail.com,Jack2150
Jack2151@gmail.com,Jack2151
Jack2152@gmail.com,Jack2152
Jack2153@gmail.com,Jack2153
Jack2154@gmail.com,Jack2154
Jack2155@gmail.com,Jack2155
Jack2156@gmail.com,Jack2156
Jack2157@gmail.com,Jack2157
Jack2158@gmail.com,Jack2158
Jack2159@gmail.com,Jack2159
Jack2160@gmail.com,Jack2160
Jack2161@gmail.com,Jack2161
Jack2162@gmail.com,Jack2162
Jack2163@gmail.com,Jack2163
Jack2164@gmail.com,Jack2164
Jack2165@gmail.com,Jack2165
Jack2166@gmail.com,Jack2166
Jack2167@gmail.com,Jack2167
Jack2168@gmail.com,Jack2168
Jack2169@gmail.com,Jack2169
Jack2170@gmail.com,Jack2170
Jack2171@gmail.com,Jack2171
Jack2172@gmail.com,Jack2172
Jack2173@gmail.com,Jack2173
Jack2174@gmail.com,Jack2174
Jack2175@gmail.com,Jack2175
Jack2176@gmail.com,Jack2176
Jack2177@gmail.com,Jack2177
Jack2178@gmail.com,Jack2178
Jack2179@gmail.com,Jack2179
Jack2180@gmail.com,Jack2180
Jack2181@gmail.com,Jack2181
Jack2182@gmail.com,Jack2182
Jack2183@gmail.com,Jack2183
Jack2184@gmail.com,Jack2184
Jack2185@gmail.com,Jack2185
Jack2186@gmail.com,Jack2186
Jack2187@gmail.com,Jack2187
Jack2188@gmail.com,Jack2188
Jack2189@gmail.com,Jack2189
Jack2190@gmail.com,Jack2190
Jack2191@gmail.com,Jack2191
Jack2192@gmail.com,Jack2192
Jack2193@gmail.com,Jack2193
Jack2194@gmail.com,Jack2194
Jack2195@gmail.com,Jack2195
Jack2196@gmail.com,Jack2196
Jack2197@gmail.com,Jack2197
Jack2198@gmail.com,Jack2198
Jack2199@gmail.com,Jack2199
Jack2200@gmail.com,Jack2200
Jack2201@gmail.com,Jack2201
Jack2202@gmail.com,Jack2202
Jack2203@gmail.com,Jack2203
Jack2204@gmail.com,Jack2204
Jack2205@gmail.com,Jack2205
Jack2206@gmail.com,Jack2206
Jack2207@gmail.com,Jack2207
Jack2208@gmail.com,Jack2208
Jack2209@gmail.com,Jack2209
Jack2210@gmail.com,Jack2210
Jack2211@gmail.com,Jack2211
Jack2212@gmail.com,Jack2212
Jack2213@gmail.com,Jack2213
Jack2214@gmail.com,Jack2214
Jack2215@gmail.com,Jack2215
Jack2216@gmail.com,Jack2216
Jack2217@gmail.com,Jack2217
Jack2218@gmail.com,Jack2218
Jack2219@gmail.com,Jack2219
Jack2220@gmail.com,Jack2220
Jack2221@gmail.com,Jack2221
Jack2222@gmail.com,Jack2222
Jack2223@gmail.com,Jack2223
Jack2224@gmail.com,Jack2224
Jack2225@gmail.com,Jack2225
Jack2226@gmail.com,Jack2226
Jack2227@gmail.com,Jack2227
Jack2228@gmail.com,Jack2228
Jack2229@gmail.com,Jack2229
Jack2230@gmail.com,Jack2230
Jack2231@gmail.com,Jack2231
Jack2232@gmail.com,Jack2232
Jack2233@gmail.com,Jack2233
Jack2234@gmail.com,Jack2234
Jack2235@gmail.com,Jack2235
Jack2236@gmail.com,Jack2236
Jack2237@gmail.com,Jack2237
Jack2238@gmail.com,Jack2238
Jack2239@gmail.com,Jack2239
Jack2240@gmail.com,Jack2240
Jack2241@gmail.com,Jack2241
Jack2242@gmail.com,Jack2242
Jack2243@gmail.com,Jack2243
Jack2244@gmail.com,Jack2244
Jack2245@gmail.com,Jack2245
Jack2246@gmail.com,Jack2246
Jack2247@gmail.com,Jack2247
Jack2248@gmail.com,Jack2248
Jack2249@gmail.com,Jack2249
Jack2250@gmail.com,Jack2250
Jack2251@gmail.com,Jack2251
Jack2252@gmail.com,Jack2252
Jack2253@gmail.com,Jack2253
Jack2254@gmail.com,Jack2254
Jack2255@gmail.com,Jack2255
Jack2256@gmail.com,Jack2256
Jack2257@gmail.com,Jack2257
Jack2258@gmail.com,Jack2258
Jack2259@gmail.com,Jack2259
Jack2260@gmail.com,Jack2260
Jack2261@gmail.com,Jack2261
Jack2262@gmail.com,Jack2262
Jack2263@gmail.com,Jack2263
Jack2264@gmail.com,Jack2264
Jack2265@gmail.com,Jack2265
Jack2266@gmail.com,Jack2266
Jack2267@gmail.com,Jack2267
Jack2268@gmail.com,Jack2268
Jack2269@gmail.com,Jack2269
Jack2270@gmail.com,Jack2270
Jack2271@gmail.com,Jack2271
Jack2272@gmail.com,Jack2272
Jack2273@gmail.com,Jack2273
Jack2274@gmail.com,Jack2274
Jack2275@gmail.com,Jack2275
Jack2276@gmail.com,Jack2276
Jack2277@gmail.com,Jack2277
Jack2278@gmail.com,Jack2278
Jack2279@gmail.com,Jack2279
Jack2280@gmail.com,Jack2280
Jack2281@gmail.com,Jack2281
Jack2282@gmail.com,Jack2282
Jack2283@gmail.com,Jack2283
Jack2284@gmail.com,Jack2284
Jack2285@gmail.com,Jack2285
Jack2286@gmail.com,Jack2286
Jack2287@gmail.com,Jack2287
Jack2288@gmail.com,Jack2288
Jack2289@gmail.com,Jack2289
Jack2290@gmail.com,Jack2290
Jack2291@gmail.com,Jack2291
Jack2292@gmail.com,Jack2292
Jack2293@gmail.com,Jack2293
Jack2294@gmail.com,Jack2294
Jack2295@gmail.com,Jack2295
Jack2296@gmail.com,Jack2296
Jack2297@gmail.com,Jack2297
Jack2298@gmail.com,Jack2298
Jack2299@gmail.com,Jack2299
Jack2300@gmail.com,Jack2300
Jack2301@gmail.com,Jack2301
Jack2302@gmail.com,Jack2302
Jack2303@gmail.com,Jack2303
Jack2304@gmail.com,Jack2304
Jack2305@gmail.com,Jack2305
Jack2306@gmail.com,Jack2306
Jack2307@gmail.com,Jack2307
Jack2308@gmail.com,Jack2308
Jack2309@gmail.com,Jack2309
Jack2310@gmail.com,Jack2310
Jack2311@gmail.com,Jack2311
Jack2312@gmail.com,Jack2312
Jack2313@gmail.com,Jack2313
Jack2314@gmail.com,Jack2314
Jack2315@gmail.com,Jack2315
Jack2316@gmail.com,Jack2316
Jack2317@gmail.com,Jack2317
Jack2318@gmail.com,Jack2318
Jack2319@gmail.com,Jack2319
Jack2320@gmail.com,Jack2320
Jack2321@gmail.com,Jack2321
Jack2322@gmail.com,Jack2322
Jack2323@gmail.com,Jack2323
Jack2324@gmail.com,Jack2324
Jack2325@gmail.com,Jack2325
Jack2326@gmail.com,Jack2326
Jack2327@gmail.com,Jack2327
Jack2328@gmail.com,Jack2328
Jack2329@gmail.com,Jack2329
Jack2330@gmail.com,Jack2330
Jack2331@gmail.com,Jack2331
Jack2332@gmail.com,Jack2332
Jack2333@gmail.com,Jack2333
Jack2334@gmail.com,Jack2334
Jack2335@gmail.com,Jack2335
Jack2336@gmail.com,Jack2336
Jack2337@gmail.com,Jack2337
Jack2338@gmail.com,Jack2338
Jack2339@gmail.com,Jack2339
Jack2340@gmail.com,Jack2340
Jack2341@gmail.com,Jack2341
Jack2342@gmail.com,Jack2342
Jack2343@gmail.com,Jack2343
Jack2344@gmail.com,Jack2344
Jack2345@gmail.com,Jack2345
Jack2346@gmail.com,Jack2346
Jack2347@gmail.com,Jack2347
Jack2348@gmail.com,Jack2348
Jack2349@gmail.com,Jack2349
Jack2350@gmail.com,Jack2350
Jack2351@gmail.com,Jack2351
Jack2352@gmail.com,Jack2352
Jack2353@gmail.com,Jack2353
Jack2354@gmail.com,Jack2354
Jack2355@gmail.com,Jack2355
Jack2356@gmail.com,Jack2356
Jack2357@gmail.com,Jack2357
Jack2358@gmail.com,Jack2358
Jack2359@gmail.com,Jack2359
Jack2360@gmail.com,Jack2360
Jack2361@gmail.com,Jack2361
Jack2362@gmail.com,Jack2362
Jack2363@gmail.com,Jack2363
Jack2364@gmail.com,Jack2364
Jack2365@gmail.com,Jack2365
Jack2366@gmail.com,Jack2366
Jack2367@gmail.com,Jack2367
Jack2368@gmail.com,Jack2368
Jack2369@gmail.com,Jack2369
Jack2370@gmail.com,Jack2370
Jack2371@gmail.com,Jack2371
Jack2372@gmail.com,Jack2372
Jack2373@gmail.com,Jack2373
Jack2374@gmail.com,Jack2374
Jack2375@gmail.com,Jack2375
Jack2376@gmail.com,Jack2376
Jack2377@gmail.com,Jack2377
Jack2378@gmail.com,Jack2378
Jack2379@gmail.com,Jack2379
Jack2380@gmail.com,Jack2380
Jack2381@gmail.com,Jack2381
Jack2382@gmail.com,Jack2382
Jack2383@gmail.com,Jack2383
Jack2384@gmail.com,Jack2384
Jack2385@gmail.com,Jack2385
Jack2386@gmail.com,Jack2386
Jack2387@gmail.com,Jack2387
Jack2388@gmail.com,Jack2388
Jack2389@gmail.com,Jack2389
Jack2390@gmail.com,Jack2390
Jack2391@gmail.com,Jack2391
Jack2392@gmail.com,Jack2392
Jack2393@gmail.com,Jack2393
Jack2394@gmail.com,Jack2394
Jack2395@gmail.com,Jack2395
Jack2396@gmail.com,Jack2396
Jack2397@gmail.com,Jack2397
Jack2398@gmail.com,Jack2398
Jack2399@gmail.com,Jack2399
Jack2400@gmail.com,Jack2400
Jack2401@gmail.com,Jack2401
Jack2402@gmail.com,Jack2402
Jack2403@gmail.com,Jack2403
Jack2404@gmail.com,Jack2404
Jack2405@gmail.com,Jack2405
Jack2406@gmail.com,Jack2406
Jack2407@gmail.com,Jack2407
Jack2408@gmail.com,Jack2408
Jack2409@gmail.com,Jack2409
Jack2410@gmail.com,Jack2410
Jack2411@gmail.com,Jack2411
Jack2412@gmail.com,Jack2412
Jack2413@gmail.com,Jack2413
Jack2414@gmail.com,Jack2414
Jack2415@gmail.com,Jack2415
Jack2416@gmail.com,Jack2416
Jack2417@gmail.com,Jack2417
Jack2418@gmail.com,Jack2418
Jack2419@gmail.com,Jack2419
Jack2420@gmail.com,Jack2420
Jack2421@gmail.com,Jack2421
Jack2422@gmail.com,Jack2422
Jack2423@gmail.com,Jack2423
Jack2424@gmail.com,Jack2424
Jack2425@gmail.com,Jack2425
Jack2426@gmail.com,Jack2426
Jack2427@gmail.com,Jack2427
Jack2428@gmail.com,Jack2428
Jack2429@gmail.com,Jack2429
Jack2430@gmail.com,Jack2430
Jack2431@gmail.com,Jack2431
Jack2432@gmail.com,Jack2432
Jack2433@gmail.com,Jack2433
Jack2434@gmail.com,Jack2434
Jack2435@gmail.com,Jack2435
Jack2436@gmail.com,Jack2436
Jack2437@gmail.com,Jack2437
Jack2438@gmail.com,Jack2438
Jack2439@gmail.com,Jack2439
Jack2440@gmail.com,Jack2440
Jack2441@gmail.com,Jack2441
Jack2442@gmail.com,Jack2442
Jack2443@gmail.com,Jack2443
Jack2444@gmail.com,Jack2444
Jack2445@gmail.com,Jack2445
Jack2446@gmail.com,Jack2446
Jack2447@gmail.com,Jack2447
Jack2448@gmail.com,Jack2448
Jack2449@gmail.com,Jack2449
Jack2450@gmail.com,Jack2450
Jack2451@gmail.com,Jack2451
Jack2452@gmail.com,Jack2452
Jack2453@gmail.com,Jack2453
Jack2454@gmail.com,Jack2454
Jack2455@gmail.com,Jack2455
Jack2456@gmail.com,Jack2456
Jack2457@gmail.com,Jack2457
Jack2458@gmail.com,Jack2458
Jack2459@gmail.com,Jack2459
Jack2460@gmail.com,Jack2460
Jack2461@gmail.com,Jack2461
Jack2462@gmail.com,Jack2462
Jack2463@gmail.com,Jack2463
Jack2464@gmail.com,Jack2464
Jack2465@gmail.com,Jack2465
Jack2466@gmail.com,Jack2466
Jack2467@gmail.com,Jack2467
Jack2468@gmail.com,Jack2468
Jack2469@gmail.com,Jack2469
Jack2470@gmail.com,Jack2470
Jack2471@gmail.com,Jack2471
Jack2472@gmail.com,Jack2472
Jack2473@gmail.com,Jack2473
Jack2474@gmail.com,Jack2474
Jack2475@gmail.com,Jack2475
Jack2476@gmail.com,Jack2476
Jack2477@gmail.com,Jack2477
Jack2478@gmail.com,Jack2478
Jack2479@gmail.com,Jack2479
Jack2480@gmail.com,Jack2480
Jack2481@gmail.com,Jack2481
Jack2482@gmail.com,Jack2482
Jack2483@gmail.com,Jack2483
Jack2484@gmail.com,Jack2484
Jack2485@gmail.com,Jack2485
Jack2486@gmail.com,Jack2486
Jack2487@gmail.com,Jack2487
Jack2488@gmail.com,Jack2488
Jack2489@gmail.com,Jack2489
Jack2490@gmail.com,Jack2490
Jack2491@gmail.com,Jack2491
Jack2492@gmail.com,Jack2492
Jack2493@gmail.com,Jack2493
Jack2494@gmail.com,Jack2494
Jack2495@gmail.com,Jack2495
Jack2496@gmail.com,Jack2496
Jack2497@gmail.com,Jack2497
Jack2498@gmail.com,Jack2498
Jack2499@gmail.com,Jack2499
Jack2500@gmail.com,Jack2500
Jack2501@gmail.com,Jack2501
Jack2502@gmail.com,Jack2502
Jack2503@gmail.com,Jack2503
Jack2504@gmail.com,Jack2504
Jack2505@gmail.com,Jack2505
Jack2506@gmail.com,Jack2506
Jack2507@gmail.com,Jack2507
Jack2508@gmail.com,Jack2508
Jack2509@gmail.com,Jack2509
Jack2510@gmail.com,Jack2510
Jack2511@gmail.com,Jack2511
Jack2512@gmail.com,Jack2512
Jack2513@gmail.com,Jack2513
Jack2514@gmail.com,Jack2514
Jack2515@gmail.com,Jack2515
Jack2516@gmail.com,Jack2516
Jack2517@gmail.com,Jack2517
Jack2518@gmail.com,Jack2518
Jack2519@gmail.com,Jack2519
Jack2520@gmail.com,Jack2520
Jack2521@gmail.com,Jack2521
Jack2522@gmail.com,Jack2522
Jack2523@gmail.com,Jack2523
Jack2524@gmail.com,Jack2524
Jack2525@gmail.com,Jack2525
Jack2526@gmail.com,Jack2526
Jack2527@gmail.com,Jack2527
Jack2528@gmail.com,Jack2528
Jack2529@gmail.com,Jack2529
Jack2530@gmail.com,Jack2530
Jack2531@gmail.com,Jack2531
Jack2532@gmail.com,Jack2532
Jack2533@gmail.com,Jack2533
Jack2534@gmail.com,Jack2534
Jack2535@gmail.com,Jack2535
Jack2536@gmail.com,Jack2536
Jack2537@gmail.com,Jack2537
Jack2538@gmail.com,Jack2538
Jack2539@gmail.com,Jack2539
Jack2540@gmail.com,Jack2540
Jack2541@gmail.com,Jack2541
Jack2542@gmail.com,Jack2542
Jack2543@gmail.com,Jack2543
Jack2544@gmail.com,Jack2544
Jack2545@gmail.com,Jack2545
Jack2546@gmail.com,Jack2546
Jack2547@gmail.com,Jack2547
Jack2548@gmail.com,Jack2548
Jack2549@gmail.com,Jack2549
Jack2550@gmail.com,Jack2550
Jack2551@gmail.com,Jack2551
Jack2552@gmail.com,Jack2552
Jack2553@gmail.com,Jack2553
Jack2554@gmail.com,Jack2554
Jack2555@gmail.com,Jack2555
Jack2556@gmail.com,Jack2556
Jack2557@gmail.com,Jack2557
Jack2558@gmail.com,Jack2558
Jack2559@gmail.com,Jack2559
Jack2560@gmail.com,Jack2560
Jack2561@gmail.com,Jack2561
Jack2562@gmail.com,Jack2562
Jack2563@gmail.com,Jack2563
Jack2564@gmail.com,Jack2564
Jack2565@gmail.com,Jack2565
Jack2566@gmail.com,Jack2566
Jack2567@gmail.com,Jack2567
Jack2568@gmail.com,Jack2568
Jack2569@gmail.com,Jack2569
Jack2570@gmail.com,Jack2570
Jack2571@gmail.com,Jack2571
Jack2572@gmail.com,Jack2572
Jack2573@gmail.com,Jack2573
Jack2574@gmail.com,Jack2574
Jack2575@gmail.com,Jack2575
Jack2576@gmail.com,Jack2576
Jack2577@gmail.com,Jack2577
Jack2578@gmail.com,Jack2578
Jack2579@gmail.com,Jack2579
Jack2580@gmail.com,Jack2580
Jack2581@gmail.com,Jack2581
Jack2582@gmail.com,Jack2582
Jack2583@gmail.com,Jack2583
Jack2584@gmail.com,Jack2584
Jack2585@gmail.com,Jack2585
Jack2586@gmail.com,Jack2586
Jack2587@gmail.com,Jack2587
Jack2588@gmail.com,Jack2588
Jack2589@gmail.com,Jack2589
Jack2590@gmail.com,Jack2590
Jack2591@gmail.com,Jack2591
Jack2592@gmail.com,Jack2592
Jack2593@gmail.com,Jack2593
Jack2594@gmail.com,Jack2594
Jack2595@gmail.com,Jack2595
Jack2596@gmail.com,Jack2596
Jack2597@gmail.com,Jack2597
Jack2598@gmail.com,Jack2598
Jack2599@gmail.com,Jack2599
Jack2600@gmail.com,Jack2600
Jack2601@gmail.com,Jack2601
Jack2602@gmail.com,Jack2602
Jack2603@gmail.com,Jack2603
Jack2604@gmail.com,Jack2604
Jack2605@gmail.com,Jack2605
Jack2606@gmail.com,Jack2606
Jack2607@gmail.com,Jack2607
Jack2608@gmail.com,Jack2608
Jack2609@gmail.com,Jack2609
Jack2610@gmail.com,Jack2610
Jack2611@gmail.com,Jack2611
Jack2612@gmail.com,Jack2612
Jack2613@gmail.com,Jack2613
Jack2614@gmail.com,Jack2614
Jack2615@gmail.com,Jack2615
Jack2616@gmail.com,Jack2616
Jack2617@gmail.com,Jack2617
Jack2618@gmail.com,Jack2618
Jack2619@gmail.com,Jack2619
Jack2620@gmail.com,Jack2620
Jack2621@gmail.com,Jack2621
Jack2622@gmail.com,Jack2622
Jack2623@gmail.com,Jack2623
Jack2624@gmail.com,Jack2624
Jack2625@gmail.com,Jack2625
Jack2626@gmail.com,Jack2626
Jack2627@gmail.com,Jack2627
Jack2628@gmail.com,Jack2628
Jack2629@gmail.com,Jack2629
Jack2630@gmail.com,Jack2630
Jack2631@gmail.com,Jack2631
Jack2632@gmail.com,Jack2632
Jack2633@gmail.com,Jack2633
Jack2634@gmail.com,Jack2634
Jack2635@gmail.com,Jack2635
Jack2636@gmail.com,Jack2636
Jack2637@gmail.com,Jack2637
Jack2638@gmail.com,Jack2638
Jack2639@gmail.com,Jack2639
Jack2640@gmail.com,Jack2640
Jack2641@gmail.com,Jack2641
Jack2642@gmail.com,Jack2642
Jack2643@gmail.com,Jack2643
Jack2644@gmail.com,Jack2644
Jack2645@gmail.com,Jack2645
Jack2646@gmail.com,Jack2646
Jack2647@gmail.com,Jack2647
Jack2648@gmail.com,Jack2648
Jack2649@gmail.com,Jack2649
Jack2650@gmail.com,Jack2650
Jack2651@gmail.com,Jack2651
Jack2652@gmail.com,Jack2652
Jack2653@gmail.com,Jack2653
Jack2654@gmail.com,Jack2654
Jack2655@gmail.com,Jack2655
Jack2656@gmail.com,Jack2656
Jack2657@gmail.com,Jack2657
Jack2658@gmail.com,Jack2658
Jack2659@gmail.com,Jack2659
Jack2660@gmail.com,Jack2660
Jack2661@gmail.com,Jack2661
Jack2662@gmail.com,Jack2662
Jack2663@gmail.com,Jack2663
Jack2664@gmail.com,Jack2664
Jack2665@gmail.com,Jack2665
Jack2666@gmail.com,Jack2666
Jack2667@gmail.com,Jack2667
Jack2668@gmail.com,Jack2668
Jack2669@gmail.com,Jack2669
Jack2670@gmail.com,Jack2670
Jack2671@gmail.com,Jack2671
Jack2672@gmail.com,Jack2672
Jack2673@gmail.com,Jack2673
Jack2674@gmail.com,Jack2674
Jack2675@gmail.com,Jack2675
Jack2676@gmail.com,Jack2676
Jack2677@gmail.com,Jack2677
Jack2678@gmail.com,Jack2678
Jack2679@gmail.com,Jack2679
Jack2680@gmail.com,Jack2680
Jack2681@gmail.com,Jack2681
Jack2682@gmail.com,Jack2682
Jack2683@gmail.com,Jack2683
Jack2684@gmail.com,Jack2684
Jack2685@gmail.com,Jack2685
Jack2686@gmail.com,Jack2686
Jack2687@gmail.com,Jack2687
Jack2688@gmail.com,Jack2688
Jack2689@gmail.com,Jack2689
Jack2690@gmail.com,Jack2690
Jack2691@gmail.com,Jack2691
Jack2692@gmail.com,Jack2692
Jack2693@gmail.com,Jack2693
Jack2694@gmail.com,Jack2694
Jack2695@gmail.com,Jack2695
Jack2696@gmail.com,Jack2696
Jack2697@gmail.com,Jack2697
Jack2698@gmail.com,Jack2698
Jack2699@gmail.com,Jack2699
Jack2700@gmail.com,Jack2700
Jack2701@gmail.com,Jack2701
Jack2702@gmail.com,Jack2702
Jack2703@gmail.com,Jack2703
Jack2704@gmail.com,Jack2704
Jack2705@gmail.com,Jack2705
Jack2706@gmail.com,Jack2706
Jack2707@gmail.com,Jack2707
Jack2708@gmail.com,Jack2708
Jack2709@gmail.com,Jack2709
Jack2710@gmail.com,Jack2710
Jack2711@gmail.com,Jack2711
Jack2712@gmail.com,Jack2712
Jack2713@gmail.com,Jack2713
Jack2714@gmail.com,Jack2714
Jack2715@gmail.com,Jack2715
Jack2716@gmail.com,Jack2716
Jack2717@gmail.com,Jack2717
Jack2718@gmail.com,Jack2718
Jack2719@gmail.com,Jack2719
Jack2720@gmail.com,Jack2720
Jack2721@gmail.com,Jack2721
Jack2722@gmail.com,Jack2722
Jack2723@gmail.com,Jack2723
Jack2724@gmail.com,Jack2724
Jack2725@gmail.com,Jack2725
Jack2726@gmail.com,Jack2726
Jack2727@gmail.com,Jack2727
Jack2728@gmail.com,Jack2728
Jack2729@gmail.com,Jack2729
Jack2730@gmail.com,Jack2730
Jack2731@gmail.com,Jack2731
Jack2732@gmail.com,Jack2732
Jack2733@gmail.com,Jack2733
Jack2734@gmail.com,Jack2734
Jack2735@gmail.com,Jack2735
Jack2736@gmail.com,Jack2736
Jack2737@gmail.com,Jack2737
Jack2738@gmail.com,Jack2738
Jack2739@gmail.com,Jack2739
Jack2740@gmail.com,Jack2740
Jack2741@gmail.com,Jack2741
Jack2742@gmail.com,Jack2742
Jack2743@gmail.com,Jack2743
Jack2744@gmail.com,Jack2744
Jack2745@gmail.com,Jack2745
Jack2746@gmail.com,Jack2746
Jack2747@gmail.com,Jack2747
Jack2748@gmail.com,Jack2748
Jack2749@gmail.com,Jack2749
Jack2750@gmail.com,Jack2750
Jack2751@gmail.com,Jack2751
Jack2752@gmail.com,Jack2752
Jack2753@gmail.com,Jack2753
Jack2754@gmail.com,Jack2754
Jack2755@gmail.com,Jack2755
Jack2756@gmail.com,Jack2756
Jack2757@gmail.com,Jack2757
Jack2758@gmail.com,Jack2758
Jack2759@gmail.com,Jack2759
Jack2760@gmail.com,Jack2760
Jack2761@gmail.com,Jack2761
Jack2762@gmail.com,Jack2762
Jack2763@gmail.com,Jack2763
Jack2764@gmail.com,Jack2764
Jack2765@gmail.com,Jack2765
Jack2766@gmail.com,Jack2766
Jack2767@gmail.com,Jack2767
Jack2768@gmail.com,Jack2768
Jack2769@gmail.com,Jack2769
Jack2770@gmail.com,Jack2770
Jack2771@gmail.com,Jack2771
Jack2772@gmail.com,Jack2772
Jack2773@gmail.com,Jack2773
Jack2774@gmail.com,Jack2774
Jack2775@gmail.com,Jack2775
Jack2776@gmail.com,Jack2776
Jack2777@gmail.com,Jack2777
Jack2778@gmail.com,Jack2778
Jack2779@gmail.com,Jack2779
Jack2780@gmail.com,Jack2780
Jack2781@gmail.com,Jack2781
Jack2782@gmail.com,Jack2782
Jack2783@gmail.com,Jack2783
Jack2784@gmail.com,Jack2784
Jack2785@gmail.com,Jack2785
Jack2786@gmail.com,Jack2786
Jack2787@gmail.com,Jack2787
Jack2788@gmail.com,Jack2788
Jack2789@gmail.com,Jack2789
Jack2790@gmail.com,Jack2790
Jack2791@gmail.com,Jack2791
Jack2792@gmail.com,Jack2792
Jack2793@gmail.com,Jack2793
Jack2794@gmail.com,Jack2794
Jack2795@gmail.com,Jack2795
Jack2796@gmail.com,Jack2796
Jack2797@gmail.com,Jack2797
Jack2798@gmail.com,Jack2798
Jack2799@gmail.com,Jack2799
Jack2800@gmail.com,Jack2800
Jack2801@gmail.com,Jack2801
Jack2802@gmail.com,Jack2802
Jack2803@gmail.com,Jack2803
Jack2804@gmail.com,Jack2804
Jack2805@gmail.com,Jack2805
Jack2806@gmail.com,Jack2806
Jack2807@gmail.com,Jack2807
Jack2808@gmail.com,Jack2808
Jack2809@gmail.com,Jack2809
Jack2810@gmail.com,Jack2810
Jack2811@gmail.com,Jack2811
Jack2812@gmail.com,Jack2812
Jack2813@gmail.com,Jack2813
Jack2814@gmail.com,Jack2814
Jack2815@gmail.com,Jack2815
Jack2816@gmail.com,Jack2816
Jack2817@gmail.com,Jack2817
Jack2818@gmail.com,Jack2818
Jack2819@gmail.com,Jack2819
Jack2820@gmail.com,Jack2820
Jack2821@gmail.com,Jack2821
Jack2822@gmail.com,Jack2822
Jack2823@gmail.com,Jack2823
Jack2824@gmail.com,Jack2824
Jack2825@gmail.com,Jack2825
Jack2826@gmail.com,Jack2826
Jack2827@gmail.com,Jack2827
Jack2828@gmail.com,Jack2828
Jack2829@gmail.com,Jack2829
Jack2830@gmail.com,Jack2830
Jack2831@gmail.com,Jack2831
Jack2832@gmail.com,Jack2832
Jack2833@gmail.com,Jack2833
Jack2834@gmail.com,Jack2834
Jack2835@gmail.com,Jack2835
Jack2836@gmail.com,Jack2836
Jack2837@gmail.com,Jack2837
Jack2838@gmail.com,Jack2838
Jack2839@gmail.com,Jack2839
Jack2840@gmail.com,Jack2840
Jack2841@gmail.com,Jack2841
Jack2842@gmail.com,Jack2842
Jack2843@gmail.com,Jack2843
Jack2844@gmail.com,Jack2844
Jack2845@gmail.com,Jack2845
Jack2846@gmail.com,Jack2846
Jack2847@gmail.com,Jack2847
Jack2848@gmail.com,Jack2848
Jack2849@gmail.com,Jack2849
Jack2850@gmail.com,Jack2850
Jack2851@gmail.com,Jack2851
Jack2852@gmail.com,Jack2852
Jack2853@gmail.com,Jack2853
Jack2854@gmail.com,Jack2854
Jack2855@gmail.com,Jack2855
Jack2856@gmail.com,Jack2856
Jack2857@gmail.com,Jack2857
Jack2858@gmail.com,Jack2858
Jack2859@gmail.com,Jack2859
Jack2860@gmail.com,Jack2860
Jack2861@gmail.com,Jack2861
Jack2862@gmail.com,Jack2862
Jack2863@gmail.com,Jack2863
Jack2864@gmail.com,Jack2864
Jack2865@gmail.com,Jack2865
Jack2866@gmail.com,Jack2866
Jack2867@gmail.com,Jack2867
Jack2868@gmail.com,Jack2868
Jack2869@gmail.com,Jack2869
Jack2870@gmail.com,Jack2870
Jack2871@gmail.com,Jack2871
Jack2872@gmail.com,Jack2872
Jack2873@gmail.com,Jack2873
Jack2874@gmail.com,Jack2874
Jack2875@gmail.com,Jack2875
Jack2876@gmail.com,Jack2876
Jack2877@gmail.com,Jack2877
Jack2878@gmail.com,Jack2878
Jack2879@gmail.com,Jack2879
Jack2880@gmail.com,Jack2880
Jack2881@gmail.com,Jack2881
Jack2882@gmail.com,Jack2882
Jack2883@gmail.com,Jack2883
Jack2884@gmail.com,Jack2884
Jack2885@gmail.com,Jack2885
Jack2886@gmail.com,Jack2886
Jack2887@gmail.com,Jack2887
Jack2888@gmail.com,Jack2888
Jack2889@gmail.com,Jack2889
Jack2890@gmail.com,Jack2890
Jack2891@gmail.com,Jack2891
Jack2892@gmail.com,Jack2892
Jack2893@gmail.com,Jack2893
Jack2894@gmail.com,Jack2894
Jack2895@gmail.com,Jack2895
Jack2896@gmail.com,Jack2896
Jack2897@gmail.com,Jack2897
Jack2898@gmail.com,Jack2898
Jack2899@gmail.com,Jack2899
Jack2900@gmail.com,Jack2900
Jack2901@gmail.com,Jack2901
Jack2902@gmail.com,Jack2902
Jack2903@gmail.com,Jack2903
Jack2904@gmail.com,Jack2904
Jack2905@gmail.com,Jack2905
Jack2906@gmail.com,Jack2906
Jack2907@gmail.com,Jack2907
Jack2908@gmail.com,Jack2908
Jack2909@gmail.com,Jack2909
Jack2910@gmail.com,Jack2910
Jack2911@gmail.com,Jack2911
Jack2912@gmail.com,Jack2912
Jack2913@gmail.com,Jack2913
Jack2914@gmail.com,Jack2914
Jack2915@gmail.com,Jack2915
Jack2916@gmail.com,Jack2916
Jack2917@gmail.com,Jack2917
Jack2918@gmail.com,Jack2918
Jack2919@gmail.com,Jack2919
Jack2920@gmail.com,Jack2920
Jack2921@gmail.com,Jack2921
Jack2922@gmail.com,Jack2922
Jack2923@gmail.com,Jack2923
Jack2924@gmail.com,Jack2924
Jack2925@gmail.com,Jack2925
Jack2926@gmail.com,Jack2926
Jack2927@gmail.com,Jack2927
Jack2928@gmail.com,Jack2928
Jack2929@gmail.com,Jack2929
Jack2930@gmail.com,Jack2930
Jack2931@gmail.com,Jack2931
Jack2932@gmail.com,Jack2932
Jack2933@gmail.com,Jack2933
Jack2934@gmail.com,Jack2934
Jack2935@gmail.com,Jack2935
Jack2936@gmail.com,Jack2936
Jack2937@gmail.com,Jack2937
Jack2938@gmail.com,Jack2938
Jack2939@gmail.com,Jack2939
Jack2940@gmail.com,Jack2940
Jack2941@gmail.com,Jack2941
Jack2942@gmail.com,Jack2942
Jack2943@gmail.com,Jack2943
Jack2944@gmail.com,Jack2944
Jack2945@gmail.com,Jack2945
Jack2946@gmail.com,Jack2946
Jack2947@gmail.com,Jack2947
Jack2948@gmail.com,Jack2948
Jack2949@gmail.com,Jack2949
Jack2950@gmail.com,Jack2950
Jack2951@gmail.com,Jack2951
Jack2952@gmail.com,Jack2952
Jack2953@gmail.com,Jack2953
Jack2954@gmail.com,Jack2954
Jack2955@gmail.com,Jack2955
Jack2956@gmail.com,Jack2956
Jack2957@gmail.com,Jack2957
Jack2958@gmail.com,Jack2958
Jack2959@gmail.com,Jack2959
Jack2960@gmail.com,Jack2960
Jack2961@gmail.com,Jack2961
Jack2962@gmail.com,Jack2962
Jack2963@gmail.com,Jack2963
Jack2964@gmail.com,Jack2964
Jack2965@gmail.com,Jack2965
Jack2966@gmail.com,Jack2966
Jack2967@gmail.com,Jack2967
Jack2968@gmail.com,Jack2968
Jack2969@gmail.com,Jack2969
Jack2970@gmail.com,Jack2970
Jack2971@gmail.com,Jack2971
Jack2972@gmail.com,Jack2972
Jack2973@gmail.com,Jack2973
Jack2974@gmail.com,Jack2974
Jack2975@gmail.com,Jack2975
Jack2976@gmail.com,Jack2976
Jack2977@gmail.com,Jack2977
Jack2978@gmail.com,Jack2978
Jack2979@gmail.com,Jack2979
Jack2980@gmail.com,Jack2980
Jack2981@gmail.com,Jack2981
Jack2982@gmail.com,Jack2982
Jack2983@gmail.com,Jack2983
Jack2984@gmail.com,Jack2984
Jack2985@gmail.com,Jack2985
Jack2986@gmail.com,Jack2986
Jack2987@gmail.com,Jack2987
Jack2988@gmail.com,Jack2988
Jack2989@gmail.com,Jack2989
Jack2990@gmail.com,Jack2990
Jack2991@gmail.com,Jack2991
Jack2992@gmail.com,Jack2992
Jack2993@gmail.com,Jack2993
Jack2994@gmail.com,Jack2994
Jack2995@gmail.com,Jack2995
Jack2996@gmail.com,Jack2996
Jack2997@gmail.com,Jack2997
Jack2998@gmail.com,Jack2998
Jack2999@gmail.com,Jack2999
Jack3000@gmail.com,Jack3000
