Jack,Jack1@gmail.com,Jack1
Jack,Jack2@gmail.com,Jack2
Jack,Jack3@gmail.com,Jack3
Jack,Jack4@gmail.com,Jack4
Jack,Jack5@gmail.com,Jack5
Jack,Jack6@gmail.com,Jack6
Jack,Jack7@gmail.com,Jack7
Jack,Jack8@gmail.com,Jack8
Jack,Jack9@gmail.com,Jack9
Jack,Jack10@gmail.com,Jack10
Jack,Jack11@gmail.com,Jack11
Jack,Jack12@gmail.com,Jack12
Jack,Jack13@gmail.com,Jack13
Jack,Jack14@gmail.com,Jack14
Jack,Jack15@gmail.com,Jack15
Jack,Jack16@gmail.com,Jack16
Jack,Jack17@gmail.com,Jack17
Jack,Jack18@gmail.com,Jack18
Jack,Jack19@gmail.com,Jack19
Jack,Jack20@gmail.com,Jack20
Jack,Jack21@gmail.com,Jack21
Jack,Jack22@gmail.com,Jack22
Jack,Jack23@gmail.com,Jack23
Jack,Jack24@gmail.com,Jack24
Jack,Jack25@gmail.com,Jack25
Jack,Jack26@gmail.com,Jack26
Jack,Jack27@gmail.com,Jack27
Jack,Jack28@gmail.com,Jack28
Jack,Jack29@gmail.com,Jack29
Jack,Jack30@gmail.com,Jack30
Jack,Jack31@gmail.com,Jack31
Jack,Jack32@gmail.com,Jack32
Jack,Jack33@gmail.com,Jack33
Jack,Jack34@gmail.com,Jack34
Jack,Jack35@gmail.com,Jack35
Jack,Jack36@gmail.com,Jack36
Jack,Jack37@gmail.com,Jack37
Jack,Jack38@gmail.com,Jack38
Jack,Jack39@gmail.com,Jack39
Jack,Jack40@gmail.com,Jack40
Jack,Jack41@gmail.com,Jack41
Jack,Jack42@gmail.com,Jack42
Jack,Jack43@gmail.com,Jack43
Jack,Jack44@gmail.com,Jack44
Jack,Jack45@gmail.com,Jack45
Jack,Jack46@gmail.com,Jack46
Jack,Jack47@gmail.com,Jack47
Jack,Jack48@gmail.com,Jack48
Jack,Jack49@gmail.com,Jack49
Jack,Jack50@gmail.com,Jack50
Jack,Jack51@gmail.com,Jack51
Jack,Jack52@gmail.com,Jack52
Jack,Jack53@gmail.com,Jack53
Jack,Jack54@gmail.com,Jack54
Jack,Jack55@gmail.com,Jack55
Jack,Jack56@gmail.com,Jack56
Jack,Jack57@gmail.com,Jack57
Jack,Jack58@gmail.com,Jack58
Jack,Jack59@gmail.com,Jack59
Jack,Jack60@gmail.com,Jack60
Jack,Jack61@gmail.com,Jack61
Jack,Jack62@gmail.com,Jack62
Jack,Jack63@gmail.com,Jack63
Jack,Jack64@gmail.com,Jack64
Jack,Jack65@gmail.com,Jack65
Jack,Jack66@gmail.com,Jack66
Jack,Jack67@gmail.com,Jack67
Jack,Jack68@gmail.com,Jack68
Jack,Jack69@gmail.com,Jack69
Jack,Jack70@gmail.com,Jack70
Jack,Jack71@gmail.com,Jack71
Jack,Jack72@gmail.com,Jack72
Jack,Jack73@gmail.com,Jack73
Jack,Jack74@gmail.com,Jack74
Jack,Jack75@gmail.com,Jack75
Jack,Jack76@gmail.com,Jack76
Jack,Jack77@gmail.com,Jack77
Jack,Jack78@gmail.com,Jack78
Jack,Jack79@gmail.com,Jack79
Jack,Jack80@gmail.com,Jack80
Jack,Jack81@gmail.com,Jack81
Jack,Jack82@gmail.com,Jack82
Jack,Jack83@gmail.com,Jack83
Jack,Jack84@gmail.com,Jack84
Jack,Jack85@gmail.com,Jack85
Jack,Jack86@gmail.com,Jack86
Jack,Jack87@gmail.com,Jack87
Jack,Jack88@gmail.com,Jack88
Jack,Jack89@gmail.com,Jack89
Jack,Jack90@gmail.com,Jack90
Jack,Jack91@gmail.com,Jack91
Jack,Jack92@gmail.com,Jack92
Jack,Jack93@gmail.com,Jack93
Jack,Jack94@gmail.com,Jack94
Jack,Jack95@gmail.com,Jack95
Jack,Jack96@gmail.com,Jack96
Jack,Jack97@gmail.com,Jack97
Jack,Jack98@gmail.com,Jack98
Jack,Jack99@gmail.com,Jack99
Jack,Jack100@gmail.com,Jack100
