Jack,Jack301@gmail.com,Jack301
Jack,Jack302@gmail.com,Jack302
Jack,Jack303@gmail.com,Jack303
Jack,Jack304@gmail.com,Jack304
Jack,Jack305@gmail.com,Jack305
Jack,Jack306@gmail.com,Jack306
Jack,Jack307@gmail.com,Jack307
Jack,Jack308@gmail.com,Jack308
Jack,Jack309@gmail.com,Jack309
Jack,Jack310@gmail.com,Jack310
Jack,Jack311@gmail.com,Jack311
Jack,Jack312@gmail.com,Jack312
Jack,Jack313@gmail.com,Jack313
Jack,Jack314@gmail.com,Jack314
Jack,Jack315@gmail.com,Jack315
Jack,Jack316@gmail.com,Jack316
Jack,Jack317@gmail.com,Jack317
Jack,Jack318@gmail.com,Jack318
Jack,Jack319@gmail.com,Jack319
Jack,Jack320@gmail.com,Jack320
Jack,Jack321@gmail.com,Jack321
Jack,Jack322@gmail.com,Jack322
Jack,Jack323@gmail.com,Jack323
Jack,Jack324@gmail.com,Jack324
Jack,Jack325@gmail.com,Jack325
Jack,Jack326@gmail.com,Jack326
Jack,Jack327@gmail.com,Jack327
Jack,Jack328@gmail.com,Jack328
Jack,Jack329@gmail.com,Jack329
Jack,Jack330@gmail.com,Jack330
Jack,Jack331@gmail.com,Jack331
Jack,Jack332@gmail.com,Jack332
Jack,Jack333@gmail.com,Jack333
Jack,Jack334@gmail.com,Jack334
Jack,Jack335@gmail.com,Jack335
Jack,Jack336@gmail.com,Jack336
Jack,Jack337@gmail.com,Jack337
Jack,Jack338@gmail.com,Jack338
Jack,Jack339@gmail.com,Jack339
Jack,Jack340@gmail.com,Jack340
Jack,Jack341@gmail.com,Jack341
Jack,Jack342@gmail.com,Jack342
Jack,Jack343@gmail.com,Jack343
Jack,Jack344@gmail.com,Jack344
Jack,Jack345@gmail.com,Jack345
Jack,Jack346@gmail.com,Jack346
Jack,Jack347@gmail.com,Jack347
Jack,Jack348@gmail.com,Jack348
Jack,Jack349@gmail.com,Jack349
Jack,Jack350@gmail.com,Jack350
Jack,Jack351@gmail.com,Jack351
Jack,Jack352@gmail.com,Jack352
Jack,Jack353@gmail.com,Jack353
Jack,Jack354@gmail.com,Jack354
Jack,Jack355@gmail.com,Jack355
Jack,Jack356@gmail.com,Jack356
Jack,Jack357@gmail.com,Jack357
Jack,Jack358@gmail.com,Jack358
Jack,Jack359@gmail.com,Jack359
Jack,Jack360@gmail.com,Jack360
Jack,Jack361@gmail.com,Jack361
Jack,Jack362@gmail.com,Jack362
Jack,Jack363@gmail.com,Jack363
Jack,Jack364@gmail.com,Jack364
Jack,Jack365@gmail.com,Jack365
Jack,Jack366@gmail.com,Jack366
Jack,Jack367@gmail.com,Jack367
Jack,Jack368@gmail.com,Jack368
Jack,Jack369@gmail.com,Jack369
Jack,Jack370@gmail.com,Jack370
Jack,Jack371@gmail.com,Jack371
Jack,Jack372@gmail.com,Jack372
Jack,Jack373@gmail.com,Jack373
Jack,Jack374@gmail.com,Jack374
Jack,Jack375@gmail.com,Jack375
Jack,Jack376@gmail.com,Jack376
Jack,Jack377@gmail.com,Jack377
Jack,Jack378@gmail.com,Jack378
Jack,Jack379@gmail.com,Jack379
Jack,Jack380@gmail.com,Jack380
Jack,Jack381@gmail.com,Jack381
Jack,Jack382@gmail.com,Jack382
Jack,Jack383@gmail.com,Jack383
Jack,Jack384@gmail.com,Jack384
Jack,Jack385@gmail.com,Jack385
Jack,Jack386@gmail.com,Jack386
Jack,Jack387@gmail.com,Jack387
Jack,Jack388@gmail.com,Jack388
Jack,Jack389@gmail.com,Jack389
Jack,Jack390@gmail.com,Jack390
Jack,Jack391@gmail.com,Jack391
Jack,Jack392@gmail.com,Jack392
Jack,Jack393@gmail.com,Jack393
Jack,Jack394@gmail.com,Jack394
Jack,Jack395@gmail.com,Jack395
Jack,Jack396@gmail.com,Jack396
Jack,Jack397@gmail.com,Jack397
Jack,Jack398@gmail.com,Jack398
Jack,Jack399@gmail.com,Jack399
Jack,Jack400@gmail.com,Jack400
